Time (s),Cases
0.491853513,R90
0.766434801,R90
0.708444483,R90
0.702623582,R90
0.959774556,R90
0.830967841,R90
0.687002902,R90
0.780084839,R90
0.563861517,R90
0.712869267,R90
0.920747799,R90
0.819972437,R90
0.971531501,R90
0.794158559,R90
0.713370262,R90
0.850050326,R90
0.654658833,R90
0.777844667,R90
0.498230734,R90
0.677336233,R90
0.910859833,R90
0.714531368,R90
0.779644607,R90
0.671766893,R90
0.688540878,R90
0.913420367,R90
0.714324256,R90
0.451300602,R90
0.451672269,R90
0.691479227,R90
0.574248351,R90
0.641853795,R90
0.834405057,R90
0.677487075,R90
0.462898192,R90
0.509607026,R90
0.720203792,R90
0.750368924,R90
0.800935582,R90
0.756202829,R90
0.846196993,R90
0.565500921,R90
0.665386598,R90
0.536774465,R90
0.980516069,R90
0.891965782,R90
0.61587418,R90
0.809214881,R90
0.64258058,R90
0.888120251,R90
0.739697665,R90
0.969375734,R90
0.888833324,R90
0.72742885,R90
0.563439253,R90
0.780206127,R90
0.849085456,R90
0.486318928,R90
0.763909022,R90
0.89397378,R90
0.655372851,R90
0.601758849,R90
0.865402422,R90
0.707061133,R90
0.881207281,R90
0.587842827,R90
0.775835723,R90
0.713604327,R90
0.82827656,R90
0.903159551,R90
0.974494439,R90
0.996324002,R90
0.73215319,R90
0.452187923,R90
0.727571654,R90
0.583653291,R90
0.558504727,R90
0.773672863,R90
0.942077313,R90
0.684221305,R90
0.803328488,R90
0.650198585,R90
0.874613726,R90
0.472242371,R90
0.772717687,R90
0.677604817,R90
0.684164798,R90
0.650112052,R90
0.66859566,R90
0.425566164,R90
0.630125459,R90
0.692063209,R90
0.444858836,R90
0.909249509,R90
0.58922736,R90
0.634316177,R90
0.545214535,R90
0.7526883,R90
0.646911974,R90
0.571393461,R90
0.703874768,R90
0.855163357,R90
0.790823717,R90
0.823357875,R90
0.506215677,R90
0.901505724,R90
0.76820968,R90
0.397597229,R90
0.548765711,R90
0.546825095,R90
0.682959006,R90
0.806666168,R90
0.704606755,R90
0.546863633,R90
0.886467134,R90
0.501985239,R90
0.90464102,R90
0.822210481,R90
0.646556147,R90
0.458830418,R90
0.592398829,R90
0.595216836,R90
0.61853567,R90
0.733326118,R90
0.641156564,R90
0.667583268,R90
0.489801775,R90
0.713200505,R90
0.557102698,R90
0.401820811,R90
0.779804197,R90
0.76490179,R90
0.761377331,R90
0.701723021,R90
0.495360003,R90
0.779625929,R90
0.654523122,R90
0.710103748,R90
0.750755486,R90
0.745087319,R90
0.763679921,R90
0.720997014,R90
0.752580252,R90
0.663078098,R90
0.674739052,R90
0.430704729,R90
0.579202737,R90
0.707718644,R90
0.651186152,R90
0.810191809,R90
0.634600602,R90
0.663016626,R90
0.605371496,R90
0.694202425,R90
0.832687631,R90
0.951637825,R90
0.898807351,R90
0.533595193,R90
0.681731227,R90
0.73159096,R90
0.549607637,R90
0.818838047,R90
0.823171568,R90
0.443395099,R90
0.785847579,R90
0.420183367,R90
0.438271192,R90
0.465625174,R90
0.395951205,R90
0.893477987,R90
0.490606109,R90
0.91755647,R90
0.952157498,R90
0.907696402,R90
0.664139195,R90
0.63124188,R90
0.743520498,R90
0.708993,R90
0.813782468,R90
0.626339036,R90
0.470314759,R90
1.08474709,R90
0.736847504,R90
0.777067285,R90
0.717762182,R90
0.858610503,R90
0.761165254,R90
0.669016269,R90
0.712203953,R90
0.541986796,R90
0.789505857,R90
0.390101459,R90
0.63818275,R90
0.429434629,R90
0.618381991,R90
0.526629971,R90
0.492218561,R90
0.772388576,R90
0.704713858,R90
0.760409624,R90
0.490374881,R90
0.716965886,R90
0.946735217,R90
0.879701932,R90
0.98153059,R90
0.465103373,R90
0.516955501,R90
0.729637341,R90
0.981684269,R90
0.951322428,R90
0.974168402,R90
0.808998784,R90
0.437892432,R90
0.420058532,R90
0.679076593,R90
0.869438278,R90
0.618150053,R90
0.781082573,R90
1.018412219,R90
0.754994909,R90
0.743714844,R90
0.545670845,R90
0.568035685,R90
0.925121041,R90
0.916257525,R90
0.685565881,R90
0.748641331,R90
0.619402658,R90
0.430036579,R90
0.690806821,R90
0.483186233,R90
0.876726227,R90
0.942694159,R90
0.703598382,R90
0.738604886,R90
0.649766155,R90
0.634923092,R90
0.627088045,R90
0.658580967,R90
0.384697856,R90
0.715651809,R90
0.966566239,R90
0.646829697,R90
0.70887384,R90
0.988073311,R90
0.954888498,R90
0.897445752,R90
0.668897344,R90
0.668124692,R90
0.800875056,R90
0.599187675,R90
0.589089522,R90
0.871913462,R90
0.653539574,R90
0.641363676,R90
0.729782982,R90
0.691059801,R90
0.432497577,R90
0.543308438,R90
0.9498925,R90
0.785696737,R90
0.75610873,R90
0.824074021,R90
0.677488967,R90
0.492945346,R90
0.67972512,R90
0.780169244,R90
0.668128711,R90
0.538040073,R90
0.563111089,R90
0.796624758,R90
0.391764506,R90
0.875270292,R90
0.949348948,R90
0.515546143,R90
0.522013916,R90
0.496114687,R90
0.377389338,R90
0.932412536,R90
0.856374114,R90
0.672401707,R90
0.607937941,R90
0.656291381,R90
0.440421048,R90
0.90562575,R90
0.789801158,R90
0.681689615,R90
0.551839771,R90
0.63156508,R90
0.572145071,R90
0.724539205,R90
1.005602925,R90
0.863952398,R90
0.916433901,R90
0.559384246,R90
0.898995785,R90
0.572348401,R90
0.835721971,R90
0.579120459,R90
0.598668002,R90
0.732214662,R90
0.702495673,R90
0.517911386,R90
0.854974922,R90
0.629508614,R90
0.738079303,R90
0.539187231,R90
0.874701915,R90
0.452774269,R90
0.652049121,R90
0.907585516,R90
0.914635143,R90
0.587709954,R90
0.657814461,R90
0.436592304,R90
0.398262779,R90
0.823425494,R90
0.473668515,R90
0.734809715,R90
0.711203383,R90
0.598264416,R90
0.817907695,R90
0.827427777,R90
0.4437235,R90
0.625174855,R90
0.846192737,R90
0.392617072,R90
0.865234557,R90
0.678914875,R90
0.47716413,R90
0.5436924,R90
0.455228646,R90
0.740317584,R90
0.72217207,R90
0.659146034,R90
0.570574232,R90
0.877503371,R90
0.927887743,R90
0.817069788,R90
0.807670758,R90
0.628097364,R90
0.528038857,R90
0.480157804,R90
0.430429289,R90
0.768475663,R90
0.78950964,R90
0.420787209,R90
0.8686382,R90
0.701742881,R90
0.617159413,R90
0.713771719,R90
0.579389989,R90
0.689992556,R90
0.834435556,R90
0.673158282,R90
0.608372499,R90
0.954406654,R90
0.847863823,R90
0.429567502,R90
0.912508221,R90
0.779255916,R90
0.450765088,R90
0.47044645,R90
0.64603151,R90
0.978271878,R90
0.865538132,R90
0.629893285,R90
0.767575102,R90
0.513225584,R90
0.604667644,R90
0.480937313,R90
0.846016361,R90
0.444027785,R90
0.681044162,R90
0.778616373,R90
0.458490195,R90
0.525099798,R90
0.786139097,R90
0.747976018,R90
0.425418396,R90
0.762826173,R90
0.848726555,R90
0.731236788,R90
0.861633021,R90
0.571460843,R90
0.852972835,R90
0.681892945,R90
0.596616264,R90
0.540757124,R90
0.680489734,R90
0.561590845,R90
0.69440079,R90
0.843318933,R90
0.7025919,R90
0.596963343,R90
0.960428757,R90
0.917003224,R90
0.581641983,R90
0.728072412,R90
0.501292027,R90
0.79966028,R90
0.733360874,R90
0.584778934,R90
0.803530636,R90
0.53010478,R90
0.866550525,R90
0.893639705,R90
0.807770059,R90
0.623882767,R90
0.799587933,R90
0.623544672,R90
0.735509784,R90
0.460732259,R90
0.870441923,R90
0.808495898,R90
0.791067476,R90
0.73600274,R90
0.545862117,R90
0.432333258,R90
0.846943638,R90
0.871346267,R90
0.585704083,R90
0.627484538,R90
0.516818371,R90
0.853342611,R90
0.922179618,R90
0.738725939,R90
0.799236834,R90
0.708083691,R90
1.023729525,R90
0.808937312,R90
0.629628483,R90
0.500278689,R90
0.762561372,R90
0.952026515,R90
0.858289904,R90
0.95120043,R90
0.668721677,R90
0.723125119,R90
0.461238928,R90
0.629516416,R90
0.677682366,R90
0.560095427,R90
0.834912908,R90
0.4320921,R90
0.418325975,R90
0.493339947,R90
0.404890142,R90
0.981927082,R90
0.800051099,R90
0.565856984,R90
0.662302608,R90
0.759700571,R90
0.434596127,R90
0.777198031,R90
0.521628063,R90
0.701477134,R90
0.796231102,R90
0.485740857,R90
0.637548882,R90
0.605381662,R90
0.752782636,R90
0.77774844,R90
0.729537095,R90
0.655956123,R90
0.43924812,R90
0.508862272,R90
0.470746952,R90
0.466270627,R90
0.84828916,R90
0.922005133,R90
0.47920972,R90
0.572028038,R90
0.74766062,R90
0.73367438,R90
0.864219091,R90
0.734264272,R90
1.006595694,R90
0.829610261,R90
0.727110616,R90
0.729903088,R90
0.428206849,R90
0.541635698,R90
0.902573678,R90
0.563414428,R90
0.828447972,R90
0.699417357,R90
0.9071363,R90
0.390470289,R90
0.738307458,R90
0.91926704,R90
0.385013253,R90
0.68008402,R90
0.882172151,R90
0.752454235,R90
0.746587702,R90
0.797007538,R90
0.700119554,R90
0.611407785,R90
0.509672754,R90
0.152356735,P90
0.145887753,P90
0.125079228,P90
0.122620467,P90
0.12175585,P90
0.128761792,P90
0.164883856,P90
0.120834239,P90
0.143129225,P90
0.140213781,P90
0.167521604,P90
0.145869563,P90
0.11899902,P90
0.154422599,P90
0.121683819,P90
0.14584434,P90
0.120797617,P90
0.145134942,P90
0.124817782,P90
0.120264538,P90
0.161315281,P90
0.128234776,P90
0.119304364,P90
0.152224314,P90
0.171483804,P90
0.118875088,P90
0.149264002,P90
0.133011632,P90
0.142365258,P90
0.168087182,P90
0.122635746,P90
0.120219912,P90
0.121528115,P90
0.145005916,P90
0.141565639,P90
0.120525984,P90
0.144399836,P90
0.146955851,P90
0.176970786,P90
0.11856271,P90
0.116627084,P90
0.136721602,P90
0.118772255,P90
0.165715004,P90
0.121032628,P90
0.121746634,P90
0.122286989,P90
0.148108593,P90
0.164018269,P90
0.136338163,P90
0.139556769,P90
0.125425075,P90
0.185889072,P90
0.135523265,P90
0.121253329,P90
0.145694699,P90
0.118792628,P90
0.171740158,P90
0.130469683,P90
0.145960026,P90
0.137023551,P90
0.122784174,P90
0.148778944,P90
0.12648711,P90
0.14466201,P90
0.120344087,P90
0.119540345,P90
0.169523441,P90
0.118893277,P90
0.144839056,P90
0.140979688,P90
0.16425134,P90
0.148387259,P90
0.143261403,P90
0.124203455,P90
0.125220623,P90
0.14715036,P90
0.139366384,P90
0.12453184,P90
0.125151502,P90
0.17256694,P90
0.137296154,P90
0.126491233,P90
0.118608548,P90
0.145925587,P90
0.140523976,P90
0.129690437,P90
0.11881106,P90
0.138075401,P90
0.122365083,P90
0.150638416,P90
0.141784158,P90
0.14907483,P90
0.117611753,P90
0.140795609,P90
0.170889608,P90
0.116499756,P90
0.121175962,P90
0.12103384,P90
0.126870549,P90
0.163131097,P90
0.137767388,P90
0.142118121,P90
0.141483179,P90
0.137688081,P90
0.144340901,P90
0.125269371,P90
0.123688808,P90
0.139298233,P90
0.143619377,P90
0.145278519,P90
0.154701266,P90
0.123455737,P90
0.132113547,P90
0.141062148,P90
0.127670168,P90
0.124283732,P90
0.125165811,P90
0.132326002,P90
0.146580659,P90
0.128688306,P90
0.125186184,P90
0.11974504,P90
0.143399888,P90
0.177435715,P90
0.127241862,P90
0.148871347,P90
0.12772498,P90
0.152634431,P90
0.12745747,P90
0.12183831,P90
0.139308419,P90
0.138066427,P90
0.148757601,P90
0.119246157,P90
0.176239318,P90
0.118657539,P90
0.142295167,P90
0.155642279,P90
0.147736068,P90
0.120947985,P90
0.148845154,P90
0.125311086,P90
0.148776761,P90
0.13894026,P90
0.141147518,P90
0.142566557,P90
0.169681085,P90
0.131781767,P90
0.135727717,P90
0.148620087,P90
0.120839332,P90
0.146072075,P90
0.151792127,P90
0.136405102,P90
0.120735772,P90
0.168578547,P90
0.142665267,P90
0.123356058,P90
0.140916631,P90
0.12695592,P90
0.146670152,P90
0.138268939,P90
0.140119194,P90
0.123164702,P90
0.120878137,P90
0.143755921,P90
0.12392964,P90
0.120709336,P90
0.146178788,P90
0.161455948,P90
0.145934803,P90
0.122898163,P90
0.138698216,P90
0.121547275,P90
0.149536848,P90
0.119596369,P90
0.137806921,P90
0.14422764,P90
0.140111919,P90
0.176397204,P90
0.1412877,P90
0.143489138,P90
0.129888826,P90
0.145561308,P90
0.146991746,P90
0.137951468,P90
0.145192179,P90
0.121029717,P90
0.146616068,P90
0.121518899,P90
0.143571598,P90
0.142493313,P90
0.116598708,P90
0.161069113,P90
0.140201412,P90
0.139238086,P90
0.115531337,P90
0.166135064,P90
0.12305993,P90
0.119251493,P90
0.125752489,P90
0.127522468,P90
0.143435297,P90
0.122748765,P90
0.142173902,P90
0.146888913,P90
0.140345959,P90
0.15330454,P90
0.143170697,P90
0.147944643,P90
0.119988782,P90
0.141177107,P90
0.125278587,P90
0.121024624,P90
0.123370367,P90
0.138307258,P90
0.149165535,P90
0.143288809,P90
0.136499931,P90
0.136898406,P90
0.12735682,P90
0.168999577,P90
0.123707968,P90
0.119401133,P90
0.136641083,P90
0.147745527,P90
0.150501144,P90
0.145960996,P90
0.141248168,P90
0.138307258,P90
0.163531028,P90
0.120345785,P90
0.14126563,P90
0.117627032,P90
0.168481777,P90
0.147943673,P90
0.140644998,P90
0.143621559,P90
0.16356862,P90
0.162806593,P90
0.12314142,P90
0.125093537,P90
0.126238033,P90
0.118770315,P90
0.164377212,P90
0.146595938,P90
0.118386634,P90
0.136743915,P90
0.145192179,P90
0.147093366,P90
0.12391242,P90
0.121915434,P90
0.115876213,P90
0.166635645,P90
0.144667345,P90
0.144229823,P90
0.116553598,P90
0.14480874,P90
0.163622461,P90
0.138149857,P90
0.140288965,P90
0.12294109,P90
0.141603231,P90
0.121093745,P90
0.138120268,P90
0.122716023,P90
0.120663498,P90
0.140381611,P90
0.125642866,P90
0.140993027,P90
0.146043699,P90
0.140038675,P90
0.171247581,P90
0.137179497,P90
0.135443716,P90
0.119907535,P90
0.174975013,P90
0.156541577,P90
0.149454388,P90
0.147280598,P90
0.122403888,P90
0.167422895,P90
0.143344833,P90
0.120240285,P90
0.125934629,P90
0.166907035,P90
0.151403353,P90
0.15214719,P90
0.123679349,P90
0.127452377,P90
0.165229945,P90
0.138878172,P90
0.118315573,P90
0.156187485,P90
0.165147243,P90
0.124342667,P90
0.152490854,P90
0.123936915,P90
0.123690748,P90
0.169912215,P90
0.148527684,P90
0.128688306,P90
0.121845343,P90
0.118679851,P90
0.15113366,P90
0.140068263,P90
0.141394656,P90
0.144029494,P90
0.136421594,P90
0.169831695,P90
0.124131181,P90
0.144001845,P90
0.121576863,P90
0.16796713,P90
0.12070303,P90
0.14099812,P90
0.143409831,P90
0.119959436,P90
0.140178129,P90
0.143742581,P90
0.138551485,P90
0.1183796,P90
0.14084654,P90
0.146135132,P90
0.14756848,P90
0.120670532,P90
0.122530973,P90
0.126934577,P90
0.144020035,P90
0.122538007,P90
0.124182113,P90
0.13417747,P90
0.119349232,P90
0.172269114,P90
0.136962676,P90
0.144878831,P90
0.143248064,P90
0.173546758,P90
0.121041844,P90
0.147478987,P90
0.123121047,P90
0.128817574,P90
0.148991399,P90
0.122012446,P90
0.141402902,P90
0.128686366,P90
0.163803631,P90
0.122389821,P90
0.146067952,P90
0.147904141,P90
0.129700623,P90
0.144835176,P90
0.11986679,P90
0.118035694,P90
0.124074187,P90
0.126294785,P90
0.164507451,P90
0.144730161,P90
0.139015444,P90
0.122859601,P90
0.148686298,P90
0.168762626,P90
0.140840476,P90
0.146373054,P90
0.119558535,P90
0.170977161,P90
0.139964461,P90
0.117269786,P90
0.140712178,P90
0.118115243,P90
0.141696847,P90
0.13979275,P90
0.119799609,P90
0.151184834,P90
0.144421906,P90
0.120008184,P90
0.140614682,P90
0.14646764,P90
0.136244305,P90
0.166446229,P90
0.122353927,P90
0.140975808,P90
0.125255304,P90
0.1412666,P90
0.143381455,P90
0.147112768,P90
0.122665335,P90
0.114291285,P90
0.165382254,P90
0.118923836,P90
0.141602503,P90
0.142338822,P90
0.155873167,P90
0.166014042,P90
0.118899583,P90
0.119006296,P90
0.117534386,P90
0.12795805,P90
0.168684289,P90
0.124193269,P90
0.124796439,P90
0.139945301,P90
0.125349891,P90
0.161119074,P90
0.124970333,P90
0.144785215,P90
0.125898249,P90
0.168753653,P90
0.123517825,P90
0.140283872,P90
0.121994984,P90
0.139015444,P90
0.169559335,P90
0.129659878,P90
0.140420173,P90
0.148493972,P90
0.170751366,P90
0.129725846,P90
0.146123006,P90
0.124839124,P90
0.148870377,P90
0.139573746,P90
0.117468418,P90
0.12815935,P90
0.136769381,P90
0.125850229,P90
0.145617333,P90
0.136205743,P90
0.144274448,P90
0.139661542,P90
0.148793981,P90
0.131448046,P90
0.140810888,P90
0.1483567,P90
0.146556163,P90
0.147398467,P90
0.145719922,P90
0.12451656,P90
0.14196848,P90
0.123685655,P90
0.175286178,P90
0.116858942,P90
0.135712438,P90
0.121883178,P90
0.169579465,P90
0.169446074,P90
0.14146887,P90
0.123653884,P90
0.140891165,P90
0.148475782,P90
0.142511503,P90
0.121060276,P90
0.143328584,P90
0.163779135,P90
0.151413539,P90
0.121296014,P90
0.137832386,P90
0.142511746,P90
0.156152803,P90
0.143478225,P90
0.141085431,P90
0.147262408,P90
0.146088324,P90
0.145535843,P90
0.126348626,P90
0.141507674,P90
0.119747708,P90
0.165408689,P90
0.146066012,P90
0.12755715,P90
0.122364113,P90
0.122439297,P90
0.146888913,P90
0.139000165,P90
0.145443439,P90
0.117903758,P90
0.139575929,P90
0.175170249,P90
0.14854078,P90
0.121198275,P90
0.12503436,P90
0.127133936,P90
0.143267467,P90
0.12148446,P90
0.149662963,P90
0.142031538,P90
0.170151106,P90
0.123910237,P90
0.140059047,P90
0.148025163,P90
0.147239853,P90
0.148585648,P90
0.139398883,P90
0.122209622,P90
0.122906409,P90
0.172239526,P90
0.124427067,P90
0.126446366,P90
0.145700763,P90
0.966273993,R180
1.134979125,R180
0.572125933,R180
1.143016609,R180
1.760790549,R180
0.728886172,R180
0.749385869,R180
0.886197414,R180
0.722535377,R180
1.422324045,R180
0.618537129,R180
1.099057796,R180
1.348774901,R180
1.659911132,R180
1.421568892,R180
1.203340674,R180
1.482645796,R180
0.87947457,R180
1.529756865,R180
1.238297556,R180
1.608070135,R180
0.76046582,R180
0.902057945,R180
1.030931253,R180
1.593108999,R180
0.644358894,R180
1.401308572,R180
1.066619634,R180
1.549467212,R180
1.603118057,R180
1.445071975,R180
1.263314031,R180
0.965457645,R180
1.317399404,R180
1.380332951,R180
1.266521053,R180
1.543342681,R180
1.027898556,R180
1.446556055,R180
0.598144136,R180
1.753141055,R180
0.859262845,R180
1.39863301,R180
1.361610448,R180
0.777469494,R180
1.286940272,R180
1.509893277,R180
1.174008487,R180
1.167718886,R180
1.578771373,R180
1.008438384,R180
0.595974324,R180
0.893053186,R180
0.767875681,R180
1.327808279,R180
1.300241459,R180
1.171690833,R180
0.701569527,R180
1.557710647,R180
1.036613286,R180
1.032606886,R180
1.729066401,R180
1.190485585,R180
1.223631077,R180
1.785667923,R180
1.080893495,R180
0.571396748,R180
1.083053794,R180
1.266972037,R180
1.264616843,R180
1.098324241,R180
0.931806404,R180
1.53915527,R180
1.591465506,R180
0.751648757,R180
1.624620768,R180
0.798776025,R180
1.687632222,R180
1.386574985,R180
1.14283097,R180
1.603649519,R180
1.783534621,R180
1.052341145,R180
0.789034626,R180
0.525316719,R180
1.203741519,R180
0.990886793,R180
1.28959835,R180
0.749667412,R180
1.442397699,R180
0.912818557,R180
1.278952413,R180
1.582995552,R180
0.826831368,R180
1.756337793,R180
1.124224942,R180
1.441100543,R180
0.854283513,R180
1.684855099,R180
0.830445921,R180
1.194135878,R180
0.88626015,R180
1.132355244,R180
1.014594027,R180
1.295345433,R180
1.611877012,R180
1.561229553,R180
0.988145667,R180
1.509636674,R180
1.773697318,R180
1.642749073,R180
1.477498567,R180
1.364783274,R180
0.678487088,R180
1.394806849,R180
1.55321161,R180
1.402834562,R180
0.617368274,R180
1.570239968,R180
1.197391753,R180
1.517793974,R180
1.007193937,R180
0.66793577,R180
1.647115695,R180
1.500805212,R180
1.384331895,R180
0.583096866,R180
1.058847238,R180
1.032263892,R180
0.854272714,R180
1.427580035,R180
1.191876846,R180
1.72092967,R180
1.102135489,R180
0.618897607,R180
1.331133062,R180
1.131693939,R180
0.817266351,R180
1.275852865,R180
1.01019938,R180
1.542477996,R180
1.731670741,R180
0.992686871,R180
1.301497991,R180
1.549794008,R180
0.840146696,R180
0.647190012,R180
1.329080752,R180
0.706603625,R180
1.310173896,R180
1.646067428,R180
0.754861437,R180
0.749041075,R180
0.686708925,R180
0.728134619,R180
1.602079561,R180
1.896671329,R180
0.726759556,R180
1.705259148,R180
1.316270145,R180
0.861784136,R180
1.256797138,R180
1.038257036,R180
1.670435453,R180
1.429474732,R180
1.47638525,R180
1.063025393,R180
1.246979118,R180
1.030928939,R180
1.224969372,R180
1.189304903,R180
1.254102036,R180
1.129567323,R180
1.146478178,R180
1.435999338,R180
1.511890306,R180
0.778791591,R180
1.271434563,R180
1.092069351,R180
0.901789257,R180
0.821113338,R180
0.805059712,R180
1.667075188,R180
1.761206821,R180
0.631807204,R180
1.364551355,R180
0.81884865,R180
1.505063073,R180
1.155413,R180
1.643185658,R180
1.713639369,R180
1.240759967,R180
1.535212635,R180
1.290068617,R180
0.580119449,R180
1.694704488,R180
1.044786785,R180
1.41617046,R180
1.131659485,R180
0.806228824,R180
1.006041281,R180
1.592218088,R180
0.657351026,R180
1.476441558,R180
1.102745886,R180
1.80117029,R180
1.702933009,R180
0.585179258,R180
1.190391738,R180
1.384232647,R180
0.772838557,R180
1.009926836,R180
1.282293136,R180
1.486627256,R180
1.222003782,R180
1.393462897,R180
0.949889456,R180
0.579714747,R180
0.811435447,R180
1.231940333,R180
1.045831709,R180
1.176225609,R180
1.434474633,R180
1.103618284,R180
1.584756547,R180
1.390996629,R180
1.082902609,R180
1.256132747,R180
1.759792934,R180
0.891549822,R180
1.294825543,R180
1.006936048,R180
0.944079122,R180
1.105505524,R180
1.180978163,R180
1.186557863,R180
1.251606456,R180
1.198107825,R180
1.19126645,R180
0.70503161,R180
1.027087608,R180
1.31940826,R180
0.972333731,R180
1.4153356,R180
1.368840326,R180
1.293750536,R180
1.055091271,R180
0.719954692,R180
1.367029707,R180
1.305766393,R180
0.879654809,R180
1.035385037,R180
1.340514497,R180
1.243782637,R180
1.51529608,R180
0.809196728,R180
0.919101215,R180
1.078721626,R180
1.025949865,R180
1.704477255,R180
1.206976054,R180
1.162232005,R180
1.2080886,R180
1.24913376,R180
0.905493802,R180
1.184995362,R180
1.5007795,R180
1.046883318,R180
1.603704799,R180
1.554846361,R180
0.988540342,R180
0.705045494,R180
0.922141626,R180
1.688571471,R180
1.717545493,R180
1.498981737,R180
0.807774355,R180
0.880665023,R180
1.558021244,R180
1.184378538,R180
1.023846903,R180
0.708475695,R180
0.74358839,R180
0.58434337,R180
1.177832334,R180
1.03145423,R180
1.448276169,R180
1.208620575,R180
1.029136832,R180
1.107128448,R180
1.621176169,R180
1.132243913,R180
0.988054904,R180
1.566210684,R180
0.880078539,R180
1.82959331,R180
1.683398273,R180
1.168069594,R180
1.151148969,R180
1.191828251,R180
1.177696576,R180
1.101982247,R180
1.431328547,R180
1.078005555,R180
1.670619034,R180
1.700236878,R180
1.152809689,R180
0.800139003,R180
1.554735287,R180
1.505511742,R180
1.355289993,R180
0.757590736,R180
0.926339836,R180
0.97969191,R180
1.223525402,R180
1.746620049,R180
0.9707828,R180
1.444363874,R180
1.229901137,R180
0.678186261,R180
0.905142323,R180
1.02020201,R180
0.883654525,R180
1.290825827,R180
1.305107402,R180
1.304617594,R180
1.121626772,R180
0.880245665,R180
1.35427618,R180
1.496611374,R180
1.411851405,R180
1.291740136,R180
1.380789077,R180
1.467797792,R180
1.380664118,R180
0.917837741,R180
1.248152344,R180
1.361132724,R180
1.218251928,R180
1.61546174,R180
0.697849041,R180
1.440905134,R180
1.233667132,R180
0.953887115,R180
0.993745679,R180
1.122682753,R180
1.462665733,R180
1.141404227,R180
1.444414269,R180
1.145977828,R180
1.380818388,R180
0.932429913,R180
1.093970733,R180
1.625907126,R180
1.220321465,R180
1.076155082,R180
0.857132629,R180
1.165639579,R180
1.1860426,R180
1.191541566,R180
1.410429804,R180
1.254746886,R180
1.131749219,R180
1.25312499,R180
1.293898121,R180
1.230484536,R180
1.402786995,R180
1.177842104,R180
0.987102542,R180
1.4599912,R180
0.75645942,R180
1.227803318,R180
1.186128734,R180
1.247371479,R180
1.501623873,R180
0.958664609,R180
1.616924994,R180
1.22954503,R180
0.825424679,R180
0.882195384,R180
1.233333651,R180
1.259736759,R180
1.479247735,R180
0.812581933,R180
1.018123732,R180
0.748061972,R180
0.997987342,R180
0.726769069,R180
1.393845745,R180
0.678384498,R180
1.51198981,R180
1.801972495,R180
0.865508993,R180
1.49026135,R180
1.042883346,R180
1.582415238,R180
1.333730974,R180
1.543454013,R180
1.468496637,R180
0.926250359,R180
0.922401571,R180
1.219344162,R180
0.97623317,R180
1.314306284,R180
1.225324194,R180
0.925546115,R180
1.353362643,R180
0.722673449,R180
0.964338414,R180
1.266940669,R180
0.897696723,R180
0.742693108,R180
1.147451881,R180
1.28333369,R180
1.221158124,R180
1.328659337,R180
1.490814924,R180
1.053918816,R180
0.884959394,R180
1.2477371,R180
1.114397151,R180
1.113808353,R180
1.219589195,R180
1.449959516,R180
1.19414462,R180
1.23910439,R180
1.071957644,R180
1.356913945,R180
1.12044609,R180
1.555503038,R180
1.143723681,R180
1.66975075,R180
1.172836033,R180
1.288183691,R180
1.319137773,R180
0.542886565,R180
1.146731695,R180
1.394656693,R180
0.877740315,R180
1.663728808,R180
0.845089002,R180
0.727192027,R180
1.039862733,R180
0.560281829,R180
1.122196287,R180
0.708873969,R180
1.161168569,R180
1.186939939,R180
0.863859072,R180
0.682523314,R180
0.751825397,R180
1.315570272,R180
0.584321773,R180
1.28204399,R180
0.576531122,R180
0.552260287,R180
0.762908433,R180
0.753788229,R180
1.049978238,R180
1.024251349,R180
1.659530341,R180
1.260873731,R180
1.315193852,R180
0.804511024,R180
0.760919889,R180
1.74090639,R180
0.546224461,R180
1.190396109,R180
0.997638176,R180
1.557142418,R180
1.46477178,R180
1.239447384,R180
1.040579833,R180
1.2109444,R180
0.777057336,R180
1.24187817,R180
1.241930879,R180
1.167079436,R180
1.4471104,R180
1.440808972,R180
1.619100205,R180
1.778312828,R180
0.81543002,R180
0.810275334,R180
0.835965456,R180
1.911989343,R180
0.756883149,R180
1.604801147,R180
1.248297872,R180
1.109126763,R180
1.088110518,R180
0.944735799,R180
0.762057633,R180
0.921287483,R180
1.264823823,R180
0.646692747,R180
0.904116682,R180
1.140476805,R180
1.206612233,R180
1.63429326,R180
0.239590654,P180
0.247663073,P180
0.22318911,P180
0.261375439,P180
0.279549496,P180
0.304956001,P180
0.247551696,P180
0.291759977,P180
0.235004152,P180
0.255996106,P180
0.286052374,P180
0.252898056,P180
0.253466667,P180
0.26115244,P180
0.28007805,P180
0.255213289,P180
0.279126213,P180
0.247325277,P180
0.21951219,P180
0.284202434,P180
0.265145418,P180
0.292180818,P180
0.256345626,P180
0.238535255,P180
0.214785245,P180
0.272521484,P180
0.214377838,P180
0.247382676,P180
0.227848398,P180
0.214270124,P180
0.271460224,P180
0.250729371,P180
0.235476285,P180
0.275627595,P180
0.23726101,P180
0.23232108,P180
0.290020194,P180
0.226429557,P180
0.213736441,P180
0.28204816,P180
0.253407314,P180
0.296037993,P180
0.256899582,P180
0.287172254,P180
0.255748438,P180
0.240789182,P180
0.213239639,P180
0.28497084,P180
0.209082526,P180
0.222833484,P180
0.234233547,P180
0.254204298,P180
0.242887279,P180
0.272465307,P180
0.278193916,P180
0.258194589,P180
0.243116628,P180
0.215481109,P180
0.279612757,P180
0.209210513,P180
0.256902757,P180
0.269218753,P180
0.223110217,P180
0.246093775,P180
0.246253758,P180
0.235238631,P180
0.22511208,P180
0.273476497,P180
0.257935441,P180
0.282496601,P180
0.260443386,P180
0.221233411,P180
0.290163812,P180
0.261874684,P180
0.235886134,P180
0.221322561,P180
0.27235051,P180
0.260449248,P180
0.24127768,P180
0.253426854,P180
0.238143969,P180
0.260046971,P180
0.271793135,P180
0.223804861,P180
0.217084358,P180
0.276687146,P180
0.252685071,P180
0.291058006,P180
0.210099578,P180
0.238065321,P180
0.209484804,P180
0.278253268,P180
0.22350761,P180
0.2568075,P180
0.25018543,P180
0.216366267,P180
0.296940492,P180
0.22269011,P180
0.253444196,P180
0.219224465,P180
0.295880208,P180
0.220522647,P180
0.223162242,P180
0.24452863,P180
0.254374539,P180
0.274548016,P180
0.260163722,P180
0.239469751,P180
0.253938067,P180
0.252713892,P180
0.269158424,P180
0.215196316,P180
0.255343718,P180
0.267533437,P180
0.246526096,P180
0.220946418,P180
0.23280054,P180
0.223341521,P180
0.282744758,P180
0.255173721,P180
0.214723939,P180
0.26434648,P180
0.214040775,P180
0.238914574,P180
0.262474803,P180
0.285864058,P180
0.213672936,P180
0.212874732,P180
0.283392994,P180
0.211249257,P180
0.281528643,P180
0.217892577,P180
0.287420166,P180
0.253714579,P180
0.214337781,P180
0.277975802,P180
0.227797106,P180
0.328961984,P180
0.211291023,P180
0.314033504,P180
0.252405406,P180
0.272269664,P180
0.26524385,P180
0.243258292,P180
0.218839285,P180
0.279560732,P180
0.214815288,P180
0.254557726,P180
0.238029416,P180
0.222148366,P180
0.236095944,P180
0.212406751,P180
0.294978442,P180
0.211364786,P180
0.258275679,P180
0.275258047,P180
0.22053779,P180
0.287364966,P180
0.227562627,P180
0.272418167,P180
0.242990596,P180
0.23697011,P180
0.224319249,P180
0.271201076,P180
0.246745187,P180
0.213771124,P180
0.246742256,P180
0.247692872,P180
0.257071777,P180
0.252791563,P180
0.241731738,P180
0.25702879,P180
0.282133159,P180
0.220426169,P180
0.277123618,P180
0.256180514,P180
0.256130443,P180
0.275435127,P180
0.255451187,P180
0.284068341,P180
0.265075807,P180
0.282994624,P180
0.262934723,P180
0.243742638,P180
0.2629081,P180
0.23463729,P180
0.218265545,P180
0.234948708,P180
0.22123854,P180
0.260433128,P180
0.304762068,P180
0.285720684,P180
0.246935945,P180
0.214573481,P180
0.23962436,P180
0.252255682,P180
0.291078523,P180
0.256814583,P180
0.241079106,P180
0.220356313,P180
0.303773593,P180
0.257459889,P180
0.253955408,P180
0.234145618,P180
0.215668448,P180
0.231802784,P180
0.225700963,P180
0.276306851,P180
0.24679135,P180
0.271827085,P180
0.214796969,P180
0.281651501,P180
0.244645381,P180
0.251270382,P180
0.238052864,P180
0.256834368,P180
0.277672445,P180
0.242767597,P180
0.270382599,P180
0.212348376,P180
0.257478451,P180
0.246154105,P180
0.229459707,P180
0.220586884,P180
0.225811852,P180
0.299770113,P180
0.252023401,P180
0.25103053,P180
0.267416687,P180
0.279083226,P180
0.252201703,P180
0.27578538,P180
0.257926159,P180
0.279155035,P180
0.249602652,P180
0.279500402,P180
0.222041629,P180
0.237742424,P180
0.259324483,P180
0.215964722,P180
0.255201077,P180
0.220167753,P180
0.246614269,P180
0.229932084,P180
0.233689605,P180
0.225712443,P180
0.258859434,P180
0.285445171,P180
0.207102158,P180
0.253289586,P180
0.25772441,P180
0.246462591,P180
0.216977865,P180
0.24586638,P180
0.213029585,P180
0.300823069,P180
0.278669224,P180
0.261751582,P180
0.275396291,P180
0.257065915,P180
0.237284458,P180
0.243575816,P180
0.238268047,P180
0.221450548,P180
0.215720962,P180
0.248788083,P180
0.270652982,P180
0.284508722,P180
0.244340803,P180
0.27110875,P180
0.21443084,P180
0.281961941,P180
0.221111286,P180
0.272657775,P180
0.260440211,P180
0.273624756,P180
0.22505346,P180
0.288349288,P180
0.265389422,P180
0.2256272,P180
0.243612453,P180
0.265706946,P180
0.239196192,P180
0.263451065,P180
0.273861677,P180
0.255553527,P180
0.266688581,P180
0.245108232,P180
0.24005668,P180
0.213032761,P180
0.210747081,P180
0.285539451,P180
0.216682813,P180
0.298203746,P180
0.255702275,P180
0.267361486,P180
0.21614913,P180
0.233943868,P180
0.211801259,P180
0.221932939,P180
0.270561877,P180
0.214772056,P180
0.258364586,P180
0.207295603,P180
0.246368311,P180
0.257116719,P180
0.230055918,P180
0.251114552,P180
0.24849816,P180
0.282346144,P180
0.218734746,P180
0.283660446,P180
0.220721954,P180
0.284089835,P180
0.209150916,P180
0.278001204,P180
0.257882195,P180
0.239516891,P180
0.222937045,P180
0.254704275,P180
0.275895047,P180
0.263820857,P180
0.284196328,P180
0.217322012,P180
0.262904925,P180
0.214428886,P180
0.240281145,P180
0.221921703,P180
0.280293966,P180
0.211259271,P180
0.209469661,P180
0.279662095,P180
0.246630634,P180
0.291288577,P180
0.22935932,P180
0.251306043,P180
0.247537041,P180
0.252621566,P180
0.258973253,P180
0.272380309,P180
0.245708595,P180
0.254109041,P180
0.284323337,P180
0.254930693,P180
0.233605584,P180
0.213273346,P180
0.26817801,P180
0.273497014,P180
0.237827423,P180
0.250852229,P180
0.278832138,P180
0.25410611,P180
0.276108276,P180
0.217745295,P180
0.21750129,P180
0.250065504,P180
0.216030181,P180
0.249633183,P180
0.221666708,P180
0.219212985,P180
0.280298363,P180
0.209441083,P180
0.279986701,P180
0.259914588,P180
0.276443386,P180
0.214640894,P180
0.244352038,P180
0.261352968,P180
0.290991571,P180
0.253852091,P180
0.276875462,P180
0.25878567,P180
0.275582653,P180
0.26183023,P180
0.276119512,P180
0.220790832,P180
0.251292853,P180
0.233931412,P180
0.246755689,P180
0.268466956,P180
0.250518341,P180
0.290751718,P180
0.217266812,P180
0.277764771,P180
0.249704015,P180
0.276268992,P180
0.217322012,P180
0.270397009,P180
0.251180255,P180
0.287060632,P180
0.208455296,P180
0.215248585,P180
0.280041902,P180
0.262765703,P180
0.281698641,P180
0.215984018,P180
0.243932175,P180
0.249942646,P180
0.284073226,P180
0.214798923,P180
0.23343461,P180
0.270854731,P180
0.218407942,P180
0.253885797,P180
0.253260032,P180
0.274654508,P180
0.269250506,P180
0.238765826,P180
0.269601003,P180
0.239218663,P180
0.212169097,P180
0.284321383,P180
0.208634574,P180
0.220633047,P180
0.28289839,P180
0.220393439,P180
0.28093976,P180
0.213730335,P180
0.273248857,P180
0.21402441,P180
0.246634542,P180
0.255656845,P180
0.211597555,P180
0.241619139,P180
0.237417818,P180
0.291273189,P180
0.226612744,P180
0.290455689,P180
0.253423679,P180
0.281903565,P180
0.223781169,P180
0.289390276,P180
0.216808845,P180
0.257903688,P180
0.258823529,P180
0.263082249,P180
0.291567265,P180
0.218318791,P180
0.247288396,P180
0.235450639,P180
0.277588424,P180
0.224118232,P180
0.206315433,P180
0.233163005,P180
0.217449021,P180
0.284791562,P180
0.262641625,P180
0.270369165,P180
0.218358848,P180
0.223922589,P180
0.2457169,P180
0.260563068,P180
0.288471168,P180
0.213871511,P180
0.241719526,P180
0.260111452,P180
0.291678887,P180
0.22424231,P180
0.248862823,P180
0.247610071,P180
0.288234736,P180
0.213524433,P180
0.217825164,P180
0.237089792,P180
0.262217609,P180
0.284957407,P180
0.216356985,P180
0.27251953,P180
0.251244736,P180
0.282207655,P180
0.250361777,P180
0.236219045,P180
0.216662296,P180
0.221718977,P180
0.234997069,P180
0.224759629,P180
0.278120153,P180
0.221426855,P180
0.215336759,P180
0.284887796,P180
0.249629275,P180
0.240909108,P180
0.215174822,P180
0.23600606,P180
0.210790069,P180
0.24415957,P180
0.277154149,P180
0.226664036,P180
0.24871432,P180
0.253869433,P180
0.245235241,P180
0.213071352,P180
0.285929761,P180
0.220635245,P180
0.289792798,P180
0.222879647,P180
0.226907796,P180
0.236224174,P180
0.265525713,P180
0.240314851,P180
