0.1,-0.44,0.8,0,-0.0502346,0.727834,-0.741048,0.887417,-0.541794,0.960825,0.353692,0.0151625
0.1,-0.44,0.8,0.174533,-0.0502346,0.727834,-0.741048,0.887417,-0.541794,1.13536,3.16202e-322,0.0151625
0.1,-0.44,0.8,0.349066,-0.0502346,0.727834,-0.741048,0.887417,-0.541794,1.30989,3.16202e-322,0.0151625
0.1,-0.44,0.8,0.523599,-0.0502346,0.727834,-0.741048,0.887417,-0.541794,1.48442,3.16202e-322,0.0151625
0.1,-0.44,0.8,0.698132,-0.0502346,0.727834,-0.741048,0.887417,-0.541794,1.65896,3.16202e-322,0.0151625
0.1,-0.44,0.8,0.872665,-0.0502346,0.727834,-0.741048,0.887417,-0.541794,1.83349,3.16202e-322,0.0151625
0.1,-0.44,0.8,1.0472,-0.0502346,0.727834,-0.741048,0.887417,-0.541794,2.00802,3.16202e-322,0.0151625
0.1,-0.44,0.8,1.22173,-0.0502346,0.727834,-0.741048,0.887417,-0.541794,2.18256,3.16202e-322,0.0151625
0.1,-0.44,0.8,1.39626,-0.0502346,0.727834,-0.741048,0.887417,-0.541794,2.35709,0.405739,0.0151625
0.1,-0.41,0.8,0,0.202212,0.745169,-0.637989,1.18714,-0.772063,0.707065,3.16202e-322,0.0316079
0.1,-0.41,0.8,0.174533,0.202212,0.745169,-0.63799,1.18714,-0.772063,0.881598,0.454698,0.0316078
0.1,-0.41,0.8,0.349066,0.202212,0.745169,-0.63799,1.18714,-0.772063,1.05613,3.16202e-322,0.0316078
0.1,-0.41,0.8,0.523599,0.202212,0.745169,-0.63799,1.18714,-0.772063,1.23066,3.16202e-322,0.0316078
0.1,-0.41,0.8,0.698132,0.202212,0.745169,-0.63799,1.18714,-0.772063,1.4052,0.0616504,0.0316078
0.1,-0.41,0.8,0.872665,0.202212,0.745169,-0.63799,1.18714,-0.772063,1.57973,0.122834,0.0316078
0.1,-0.41,0.8,1.0472,0.202212,0.745169,-0.63799,1.18714,-0.772063,1.75426,0.183083,0.0316078
0.1,-0.41,0.8,1.22173,0.202212,0.745169,-0.63799,1.18714,-0.772063,1.9288,0.241939,0.0316078
0.1,-0.41,0.8,1.39626,0.202212,0.745169,-0.63799,1.18714,-0.772063,2.10333,0.298953,0.0316078
0.1,-0.38,0.8,0,0.339667,0.781646,-0.593868,1.42278,-0.834251,0.517314,0.353692,0.0405654
0.1,-0.38,0.8,0.174533,0.339666,0.781647,-0.59387,1.42278,-0.83425,0.691849,0.405739,0.0405654
0.1,-0.38,0.8,0.349066,0.339666,0.781647,-0.59387,1.42278,-0.83425,0.866382,0.454698,0.0405654
0.1,-0.38,0.8,0.523599,0.339666,0.781647,-0.59387,1.42278,-0.83425,1.04091,2.59838e-06,0.0405654
0.1,-0.38,0.8,0.698132,0.339666,0.781647,-0.59387,1.42278,-0.83425,1.21545,0.0616504,0.0405654
0.1,-0.38,0.8,0.872665,0.339666,0.781647,-0.59387,1.42278,-0.83425,1.38998,0.122834,0.0405654
0.1,-0.38,0.8,1.0472,0.339666,0.781647,-0.59387,1.42278,-0.83425,1.56451,0.183083,0.0405654
0.1,-0.38,0.8,1.22173,0.339666,0.781647,-0.59387,1.42278,-0.83425,1.73905,0.241939,0.0405654
0.1,-0.38,0.8,1.39626,0.339666,0.781647,-0.59387,1.42278,-0.83425,1.91358,0.298953,0.0405654
0.1,-0.35,0.8,0,0.423672,0.816225,-0.537589,1.61989,-0.843049,0.34586,0.353692,0.0455274
0.1,-0.35,0.8,0.174533,0.423672,0.816225,-0.537589,1.61989,-0.843049,0.520393,0.405739,0.0455274
0.1,-0.35,0.8,0.349066,0.423672,0.816225,-0.537589,1.61989,-0.843049,0.694926,0.454698,0.0455274
0.1,-0.35,0.8,0.523599,0.423672,0.816225,-0.537589,1.61989,-0.843049,0.869459,2.59838e-06,0.0455274
0.1,-0.35,0.8,0.698132,0.423672,0.816225,-0.537589,1.61989,-0.843049,1.04399,0.0616504,0.0455274
0.1,-0.35,0.8,0.872665,0.423672,0.816225,-0.537589,1.61989,-0.843049,1.21852,0.122834,0.0455274
0.1,-0.35,0.8,1.0472,0.423672,0.816225,-0.537589,1.61989,-0.843049,1.39306,0.183083,0.0455274
0.1,-0.35,0.8,1.22173,0.423672,0.816225,-0.537589,1.61989,-0.843049,1.56759,0.241939,0.0455274
0.1,-0.35,0.8,1.39626,0.423672,0.816225,-0.537589,1.61989,-0.843049,1.74212,0.298953,0.0455274
0.1,-0.32,0.8,0,0.471832,0.841409,-0.455217,1.78784,-0.822556,0.177526,0.353692,0.0475942
0.1,-0.32,0.8,0.174533,0.471832,0.841409,-0.455217,1.78784,-0.822556,0.352059,0.405739,0.0475942
0.1,-0.32,0.8,0.349066,0.471832,0.841409,-0.455217,1.78784,-0.822556,0.526592,0.454698,0.0475942
0.1,-0.32,0.8,0.523599,0.471832,0.841409,-0.455217,1.78784,-0.822556,0.701124,2.59838e-06,0.0475942
0.1,-0.32,0.8,0.698132,0.471832,0.841409,-0.455217,1.78784,-0.822556,0.875657,0.0616504,0.0475942
0.1,-0.32,0.8,0.872665,0.471832,0.841409,-0.455217,1.78784,-0.822556,1.05019,0.122834,0.0475942
0.1,-0.32,0.8,1.0472,0.471832,0.841409,-0.455217,1.78784,-0.822556,1.22472,0.183083,0.0475942
0.1,-0.32,0.8,1.22173,0.471832,0.841409,-0.455217,1.78784,-0.822556,1.39926,0.241939,0.0475942
0.1,-0.32,0.8,1.39626,0.471832,0.841409,-0.455217,1.78784,-0.822556,1.57379,0.298953,0.0475942
0.1,-0.29,0.8,0,0.48868,0.851308,-0.337835,1.9298,-0.781825,0.00186028,0.353692,0.0461509
0.1,-0.29,0.8,0.174533,0.48868,0.851308,-0.337835,1.9298,-0.781825,0.176393,0.405739,0.0461509
0.1,-0.29,0.8,0.349066,0.48868,0.851308,-0.337835,1.9298,-0.781825,0.350926,0.454698,0.0461509
0.1,-0.29,0.8,0.523599,0.48868,0.851308,-0.337835,1.9298,-0.781825,0.525459,2.59838e-06,0.0461509
0.1,-0.29,0.8,0.698132,0.48868,0.851308,-0.337835,1.9298,-0.781825,0.699992,0.0616504,0.0461509
0.1,-0.29,0.8,0.872665,0.48868,0.851308,-0.337835,1.9298,-0.781825,0.874525,0.122834,0.0461509
0.1,-0.29,0.8,1.0472,0.48868,0.851308,-0.337835,1.9298,-0.781825,1.04906,0.183083,0.0461509
0.1,-0.29,0.8,1.22173,0.48868,0.851308,-0.337835,1.9298,-0.781825,1.22359,0.241939,0.0461509
0.1,-0.29,0.8,1.39626,0.48868,0.851308,-0.337835,1.9298,-0.781825,1.39812,0.298953,0.0461509
0.1,-0.26,0.8,0,0.469006,0.839807,-0.173883,2.04548,-0.727293,-0.191751,0.353692,0.0408668
0.1,-0.26,0.8,0.174533,0.469006,0.839807,-0.173883,2.04548,-0.727293,-0.0172178,0.405739,0.0408669
0.1,-0.26,0.8,0.349066,0.469006,0.839807,-0.173883,2.04548,-0.727293,0.157315,0.454698,0.0408669
0.1,-0.26,0.8,0.523599,0.469006,0.839807,-0.173883,2.04548,-0.727293,0.331848,2.59838e-06,0.0408669
0.1,-0.26,0.8,0.698132,0.469006,0.839807,-0.173883,2.04548,-0.727293,0.506381,0.0616504,0.0408669
0.1,-0.26,0.8,0.872665,0.469006,0.839807,-0.173883,2.04548,-0.727293,0.680914,0.122834,0.0408669
0.1,-0.26,0.8,1.0472,0.469006,0.839807,-0.173883,2.04548,-0.727293,0.855447,0.183083,0.0408669
0.1,-0.26,0.8,1.22173,0.469006,0.839807,-0.173883,2.04548,-0.727293,1.02998,0.241939,0.0408669
0.1,-0.26,0.8,1.39626,0.469006,0.839807,-0.173883,2.04548,-0.727293,1.20451,0.298953,0.0408669
0.1,-0.23,0.8,0,0.394106,0.802809,0.0550596,2.13235,-0.668212,-0.415268,0.353692,0.0331931
0.1,-0.23,0.8,0.174533,0.394106,0.802809,0.0550594,2.13235,-0.668212,-0.240735,0.405739,0.0331931
0.1,-0.23,0.8,0.349066,0.394106,0.802809,0.0550594,2.13235,-0.668212,-0.0662023,0.454698,0.0331931
0.1,-0.23,0.8,0.523599,0.394106,0.802809,0.0550594,2.13235,-0.668212,0.108331,2.59838e-06,0.0331931
0.1,-0.23,0.8,0.698132,0.394106,0.802809,0.0550594,2.13235,-0.668212,0.282864,0.0616504,0.0331931
0.1,-0.23,0.8,0.872665,0.394106,0.802809,0.0550594,2.13235,-0.668212,0.457396,0.122834,0.0331931
0.1,-0.23,0.8,1.0472,0.394106,0.802809,0.0550594,2.13235,-0.668212,0.631929,0.183083,0.0331931
0.1,-0.23,0.8,1.22173,0.394106,0.802809,0.0550594,2.13235,-0.668212,0.806462,0.241939,0.0331931
0.1,-0.23,0.8,1.39626,0.394106,0.802809,0.0550594,2.13235,-0.668212,0.980995,0.298953,0.0331931
0.1,-0.2,0.8,0,0.226363,0.750024,0.376481,2.18666,-0.619913,-0.677998,0.353692,0.0257209
0.1,-0.2,0.8,0.174533,0.226361,0.750023,0.376482,2.18666,-0.619914,-0.503466,0.405739,0.0257209
0.1,-0.2,0.8,0.349066,0.226361,0.750023,0.376482,2.18666,-0.619914,-0.328933,0.454698,0.0257209
0.1,-0.2,0.8,0.523599,0.226361,0.750023,0.376482,2.18666,-0.619914,-0.1544,2.59838e-06,0.0257209
0.1,-0.2,0.8,0.698132,0.226361,0.750023,0.376482,2.18666,-0.619914,0.0201331,0.0616504,0.0257209
0.1,-0.2,0.8,0.872665,0.226361,0.750023,0.376482,2.18666,-0.619914,0.194666,0.122834,0.0257209
0.1,-0.2,0.8,1.0472,0.226361,0.750023,0.376482,2.18666,-0.619914,0.369199,0.183083,0.0257209
0.1,-0.2,0.8,1.22173,0.226361,0.750023,0.376482,2.18666,-0.619914,0.543732,0.241939,0.0257209
0.1,-0.2,0.8,1.39626,0.226361,0.750023,0.376482,2.18666,-0.619914,0.718265,0.298953,0.0257209
0.1,-0.17,0.8,0,-0.0630557,0.728491,0.798225,2.20502,-0.60098,-0.972317,0.353692,0.0214792
0.1,-0.17,0.8,0.174533,-0.0630557,0.728491,0.798225,2.20502,-0.60098,-0.797784,0.405739,0.0214792
0.1,-0.17,0.8,0.349066,-0.0630557,0.728491,0.798225,2.20502,-0.60098,-0.623251,0.454698,0.0214792
0.1,-0.17,0.8,0.523599,-0.0630557,0.728491,0.798225,2.20502,-0.60098,-0.448718,2.59838e-06,0.0214792
0.1,-0.17,0.8,0.698132,-0.0630557,0.728491,0.798225,2.20502,-0.60098,-0.274185,0.0616504,0.0214792
0.1,-0.17,0.8,0.872665,-0.0630557,0.728491,0.798225,2.20502,-0.60098,-0.0996524,0.122834,0.0214792
0.1,-0.17,0.8,1.0472,-0.0630557,0.728491,0.798225,2.20502,-0.60098,0.0748806,0.183083,0.0214792
0.1,-0.17,0.8,1.22173,-0.0630557,0.728491,0.798225,2.20502,-0.60098,0.249413,0.241939,0.0214792
0.1,-0.17,0.8,1.39626,-0.0630557,0.728491,0.798225,2.20502,-0.60098,0.423946,0.298953,0.0214792
0.1,-0.14,0.8,0,-0.392631,0.802858,1.21792,2.18605,-0.620527,-1.26027,0.353692,0.0230007
0.1,-0.14,0.8,0.174533,-0.39263,0.802859,1.21792,2.18604,-0.620526,-1.08573,0.405739,0.0230007
0.1,-0.14,0.8,0.349066,-0.39263,0.802859,1.21792,2.18604,-0.620526,-0.9112,0.454698,0.0230007
0.1,-0.14,0.8,0.523599,-0.39263,0.802859,1.21792,2.18604,-0.620526,-0.736667,2.59838e-06,0.0230007
0.1,-0.14,0.8,0.698132,-0.39263,0.802859,1.21792,2.18604,-0.620526,-0.562134,0.0616504,0.0230007
0.1,-0.14,0.8,0.872665,-0.39263,0.802859,1.21792,2.18604,-0.620526,-0.387601,0.122834,0.0230007
0.1,-0.14,0.8,1.0472,-0.39263,0.802859,1.21792,2.18604,-0.620526,-0.213068,0.183083,0.0230007
0.1,-0.14,0.8,1.22173,-0.39263,0.802859,1.21792,2.18604,-0.620526,-0.0385354,0.241939,0.0230007
0.1,-0.14,0.8,1.39626,-0.39263,0.802859,1.21792,2.18604,-0.620526,0.135998,0.298953,0.0230007
0.1,-0.11,0.8,0,-0.628445,0.96452,1.49836,2.13116,-0.669157,-1.4949,0.353692,0.0288329
0.1,-0.11,0.8,0.174533,-0.62844,0.964524,1.49836,2.13116,-0.669159,-1.32037,0.405739,0.0288331
0.1,-0.11,0.8,0.349066,-0.628441,0.964524,1.49836,2.13116,-0.66916,-1.14583,0.454698,0.0288331
0.1,-0.11,0.8,0.523599,-0.628441,0.964524,1.49836,2.13116,-0.66916,-0.9713,2.59838e-06,0.0288331
0.1,-0.11,0.8,0.698132,-0.628441,0.964524,1.49836,2.13116,-0.66916,-0.796768,0.0616504,0.0288331
0.1,-0.11,0.8,0.872665,-0.628441,0.964524,1.49836,2.13116,-0.66916,-0.622235,0.122834,0.0288331
0.1,-0.11,0.8,1.0472,-0.628441,0.964524,1.49836,2.13116,-0.66916,-0.447702,0.183083,0.0288331
0.1,-0.11,0.8,1.22173,-0.628441,0.964524,1.49836,2.13116,-0.66916,-0.273169,0.241939,0.0288331
0.1,-0.11,0.8,1.39626,-0.628441,0.964524,1.49836,2.13116,-0.66916,-0.0986358,0.298953,0.0288331
0.1,-0.08,0.8,0,-0.757267,1.15531,1.64006,2.04378,-0.728272,-1.65575,0.353692,0.0353265
0.1,-0.08,0.8,0.174533,-0.757265,1.15531,1.64006,2.04378,-0.728272,-1.48122,0.405739,0.0353265
0.1,-0.08,0.8,0.349066,-0.757265,1.15531,1.64006,2.04378,-0.728272,-1.30668,0.454698,0.0353265
0.1,-0.08,0.8,0.523599,-0.757265,1.15531,1.64006,2.04378,-0.728272,-1.13215,2.59838e-06,0.0353265
0.1,-0.08,0.8,0.698132,-0.757265,1.15531,1.64006,2.04378,-0.728272,-0.957617,0.0616504,0.0353265
0.1,-0.08,0.8,0.872665,-0.757265,1.15531,1.64006,2.04378,-0.728272,-0.783084,0.122834,0.0353265
0.1,-0.08,0.8,1.0472,-0.757265,1.15531,1.64006,2.04378,-0.728272,-0.608551,0.183083,0.0353265
0.1,-0.08,0.8,1.22173,-0.757265,1.15531,1.64006,2.04378,-0.728272,-0.434018,0.241939,0.0353265
0.1,-0.08,0.8,1.39626,-0.757265,1.15531,1.64006,2.04378,-0.728272,-0.259485,0.298953,0.0353265
0.1,-0.05,0.8,0,-0.819201,1.34164,1.69972,1.92765,-0.782637,-1.74832,0.353692,0.0404036
0.1,-0.05,0.8,0.174533,-0.819201,1.34164,1.69972,1.92764,-0.782636,-1.57378,0.405739,0.0404035
0.1,-0.05,0.8,0.349066,-0.819201,1.34164,1.69972,1.92764,-0.782636,-1.39925,0.454698,0.0404035
0.1,-0.05,0.8,0.523599,-0.819201,1.34164,1.69972,1.92764,-0.782636,-1.22472,2.59838e-06,0.0404035
0.1,-0.05,0.8,0.698132,-0.819201,1.34164,1.69972,1.92764,-0.782636,-1.05018,0.0616504,0.0404035
0.1,-0.05,0.8,0.872665,-0.819201,1.34164,1.69972,1.92764,-0.782636,-0.875652,0.122834,0.0404035
0.1,-0.05,0.8,1.0472,-0.819201,1.34164,1.69972,1.92764,-0.782636,-0.701119,0.183083,0.0404035
0.1,-0.05,0.8,1.22173,-0.819201,1.34164,1.69972,1.92764,-0.782636,-0.526586,0.241939,0.0404035
0.1,-0.05,0.8,1.39626,-0.819201,1.34164,1.69972,1.92764,-0.782636,-0.352053,0.298953,0.0404035
0.1,-0.02,0.8,0,-0.841976,1.51575,1.71665,1.78526,-0.823081,-1.78588,0.353692,0.0430307
0.1,-0.02,0.8,0.174533,-0.841976,1.51575,1.71665,1.78526,-0.823081,-1.61134,0.405739,0.0430307
0.1,-0.02,0.8,0.349066,-0.841976,1.51575,1.71665,1.78526,-0.823081,-1.43681,0.454698,0.0430307
0.1,-0.02,0.8,0.523599,-0.841976,1.51575,1.71665,1.78526,-0.823081,-1.26228,2.59838e-06,0.0430307
0.1,-0.02,0.8,0.698132,-0.841976,1.51575,1.71665,1.78526,-0.823081,-1.08774,0.0616504,0.0430307
0.1,-0.02,0.8,0.872665,-0.841976,1.51575,1.71665,1.78526,-0.823081,-0.913211,0.122834,0.0430307
0.1,-0.02,0.8,1.0472,-0.841976,1.51575,1.71665,1.78526,-0.823081,-0.738678,0.183083,0.0430307
0.1,-0.02,0.8,1.22173,-0.841976,1.51575,1.71665,1.78526,-0.823081,-0.564145,0.241939,0.0430307
0.1,-0.02,0.8,1.39626,-0.841976,1.51575,1.71665,1.78526,-0.823081,-0.389613,0.298953,0.0430307
0.1,0.01,0.8,0,-0.837963,1.68023,1.70961,1.61686,-0.843178,-1.7791,0.353692,0.0425086
0.1,0.01,0.8,0.174533,-0.837963,1.68023,1.70961,1.61686,-0.843177,-1.60457,0.405739,0.0425086
0.1,0.01,0.8,0.349066,-0.837963,1.68023,1.70961,1.61686,-0.843177,-1.43003,0.454698,0.0425086
0.1,0.01,0.8,0.523599,-0.837963,1.68023,1.70961,1.61686,-0.843177,-1.2555,2.59838e-06,0.0425086
0.1,0.01,0.8,0.698132,-0.837963,1.68023,1.70961,1.61686,-0.843177,-1.08097,0.0616504,0.0425086
0.1,0.01,0.8,0.872665,-0.837963,1.68023,1.70961,1.61686,-0.843177,-0.906435,0.122834,0.0425086
0.1,0.01,0.8,1.0472,-0.837963,1.68023,1.70961,1.61686,-0.843177,-0.731902,0.183083,0.0425086
0.1,0.01,0.8,1.22173,-0.837963,1.68023,1.70961,1.61686,-0.843177,-0.557369,0.241939,0.0425086
0.1,0.01,0.8,1.39626,-0.837963,1.68023,1.70961,1.61686,-0.843177,-0.382836,0.298953,0.0425086
0.1,0.04,0.8,0,-0.809318,1.84107,1.68342,1.4192,-0.833761,-1.73266,0.353692,0.0384229
0.1,0.04,0.8,0.174533,-0.809317,1.84107,1.68342,1.4192,-0.833761,-1.55813,0.405739,0.0384229
0.1,0.04,0.8,0.349066,-0.809317,1.84107,1.68342,1.4192,-0.833761,-1.3836,0.454698,0.0384229
0.1,0.04,0.8,0.523599,-0.809317,1.84107,1.68342,1.4192,-0.833761,-1.20906,2.59838e-06,0.0384229
0.1,0.04,0.8,0.698132,-0.809317,1.84107,1.68342,1.4192,-0.833761,-1.03453,0.0616504,0.0384229
0.1,0.04,0.8,0.872665,-0.809317,1.84107,1.68342,1.4192,-0.833761,-0.859997,0.122834,0.0384229
0.1,0.04,0.8,1.0472,-0.809317,1.84107,1.68342,1.4192,-0.833761,-0.685464,0.183083,0.0384229
0.1,0.04,0.8,1.22173,-0.809317,1.84107,1.68342,1.4192,-0.833761,-0.510931,0.241939,0.0384229
0.1,0.04,0.8,1.39626,-0.809317,1.84107,1.68342,1.4192,-0.833761,-0.336399,0.298953,0.0384229
0.1,0.07,0.8,0,-0.746989,2.0075,1.6268,1.18279,-0.770243,-1.64153,0.353692,0.030041
0.1,0.07,0.8,0.174533,-0.746988,2.0075,1.6268,1.18279,-0.770242,-1.467,0.405739,0.030041
0.1,0.07,0.8,0.349066,-0.746988,2.0075,1.6268,1.18279,-0.770242,-1.29247,0.454698,0.030041
0.1,0.07,0.8,0.523599,-0.746988,2.0075,1.6268,1.18279,-0.770242,-1.11793,2.59838e-06,0.030041
0.1,0.07,0.8,0.698132,-0.746988,2.0075,1.6268,1.18279,-0.770242,-0.943401,0.0616504,0.030041
0.1,0.07,0.8,0.872665,-0.746988,2.0075,1.6268,1.18279,-0.770242,-0.768868,0.122834,0.030041
0.1,0.07,0.8,1.0472,-0.746988,2.0075,1.6268,1.18279,-0.770242,-0.594335,0.183083,0.030041
0.1,0.07,0.8,1.22173,-0.746988,2.0075,1.6268,1.18279,-0.770242,-0.419802,0.241939,0.030041
0.1,0.07,0.8,1.39626,-0.746988,2.0075,1.6268,1.18279,-0.770242,-0.24527,0.298953,0.030041
0.1,0.1,0.8,0,-0.601964,2.20336,1.45846,0.881546,-0.533731,-1.46559,0.353692,0.0143839
0.1,0.1,0.8,0.174533,-0.601964,2.20336,1.45846,0.881546,-0.533731,-1.29106,0.405739,0.0143839
0.1,0.1,0.8,0.349066,-0.601964,2.20336,1.45846,0.881546,-0.533731,-1.11652,0.454698,0.0143839
0.1,0.1,0.8,0.523599,-0.601964,2.20336,1.45846,0.881546,-0.533731,-0.941992,2.59838e-06,0.0143839
0.1,0.1,0.8,0.698132,-0.601964,2.20336,1.45846,0.881546,-0.533731,-0.767459,0.0616504,0.0143839
0.1,0.1,0.8,0.872665,-0.601964,2.20336,1.45846,0.881546,-0.533731,-0.592926,0.122834,0.0143839
0.1,0.1,0.8,1.0472,-0.601964,2.20336,1.45846,0.881546,-0.533731,-0.418393,0.183083,0.0143839
0.1,0.1,0.8,1.22173,-0.601964,2.20336,1.45846,0.881546,-0.533731,-0.24386,0.241939,0.0143839
0.1,0.1,0.8,1.39626,-0.601964,2.20336,1.45846,0.881546,-0.533731,-0.0693272,0.298953,0.0143839
0.13,-0.44,0.8,0.523599,2.69293,-0.829351,2.20856,0.726565,-0.0130996,1.63975,2.59838e-06,0.000251144
0.13,-0.44,0.8,1.39626,-0.445144,0.827471,-0.92649,0.726667,-0.0218927,2.50888,0.298953,0.000419974
0.13,-0.41,0.8,0,-0.746792,1.13328,-1.47586,1.05828,0.70411,1.45789,0.353692,0.0240168
0.13,-0.41,0.8,0.174533,-0.746791,1.13328,-1.47586,1.05828,0.70411,1.63242,0.405739,0.0240168
0.13,-0.41,0.8,0.349066,-0.746791,1.13328,-1.47586,1.05828,0.70411,1.80695,0.454698,0.0240168
0.13,-0.41,0.8,0.523599,-0.746791,1.13328,-1.47586,1.05828,0.70411,1.98149,2.59838e-06,0.0240168
0.13,-0.41,0.8,0.698132,-0.746791,1.13328,-1.47586,1.05828,0.70411,2.15602,0.0616504,0.0240168
0.13,-0.41,0.8,0.872665,-0.746791,1.13328,-1.47586,1.05828,0.70411,2.33055,0.122834,0.0240168
0.13,-0.41,0.8,1.0472,-0.746791,1.13328,-1.47586,1.05828,0.70411,2.50509,0.183083,0.0240168
0.13,-0.41,0.8,1.22173,-0.746791,1.13328,-1.47586,1.05828,0.70411,2.67962,0.241939,0.0240168
0.13,-0.41,0.8,1.39626,-0.0286376,0.726883,-0.484226,1.05828,-0.70411,2.08562,0.298953,0.0255882
0.13,-0.38,0.8,0,0.130147,0.73401,-0.418657,1.3041,-0.811239,0.476155,0.353692,0.0376088
0.13,-0.38,0.8,0.174533,0.130147,0.73401,-0.418657,1.3041,-0.811239,0.650688,0.405739,0.0376088
0.13,-0.38,0.8,0.349066,0.130147,0.73401,-0.418657,1.3041,-0.811239,0.825221,0.454698,0.0376088
0.13,-0.38,0.8,0.523599,0.130147,0.73401,-0.418657,1.3041,-0.811239,0.999754,2.59838e-06,0.0376088
0.13,-0.38,0.8,0.698132,0.130147,0.73401,-0.418657,1.3041,-0.811239,1.17429,0.0616504,0.0376088
0.13,-0.38,0.8,0.872665,0.130147,0.73401,-0.418657,1.3041,-0.811239,1.34882,0.122834,0.0376088
0.13,-0.38,0.8,1.0472,0.130147,0.73401,-0.418657,1.3041,-0.811239,1.52335,0.183083,0.0376088
0.13,-0.38,0.8,1.22173,0.130147,0.73401,-0.418657,1.3041,-0.811239,1.69789,0.241939,0.0376088
0.13,-0.38,0.8,1.39626,0.130147,0.73401,-0.418657,1.3041,-0.811239,1.87242,0.298953,0.0376088
0.13,-0.35,0.8,0,0.221632,0.74884,-0.357101,1.50375,-0.842295,0.290578,0.353692,0.0448253
0.13,-0.35,0.8,0.174533,0.221632,0.74884,-0.357101,1.50375,-0.842295,0.465111,0.405739,0.0448253
0.13,-0.35,0.8,0.349066,0.221632,0.74884,-0.357101,1.50375,-0.842295,0.639644,0.454698,0.0448253
0.13,-0.35,0.8,0.523599,0.221632,0.74884,-0.357101,1.50375,-0.842295,0.814177,2.59838e-06,0.0448253
0.13,-0.35,0.8,0.698132,0.221632,0.74884,-0.357101,1.50375,-0.842295,0.98871,0.0616504,0.0448253
0.13,-0.35,0.8,0.872665,0.221632,0.74884,-0.357101,1.50375,-0.842295,1.16324,0.122834,0.0448253
0.13,-0.35,0.8,1.0472,0.221632,0.74884,-0.357101,1.50375,-0.842295,1.33778,0.183083,0.0448253
0.13,-0.35,0.8,1.22173,0.221632,0.74884,-0.357101,1.50375,-0.842295,1.51231,0.241939,0.0448253
0.13,-0.35,0.8,1.39626,0.221632,0.74884,-0.357101,1.50375,-0.842295,1.68684,0.298953,0.0448253
0.13,-0.32,0.8,0,0.26738,0.759528,-0.271379,1.67024,-0.839877,0.1119,0.353692,0.048756
0.13,-0.32,0.8,0.174533,0.26738,0.759528,-0.271379,1.67024,-0.839877,0.286433,0.405739,0.048756
0.13,-0.32,0.8,0.349066,0.26738,0.759528,-0.271379,1.67024,-0.839877,0.460966,0.454698,0.048756
0.13,-0.32,0.8,0.523599,0.26738,0.759528,-0.271379,1.67024,-0.839877,0.635499,2.59838e-06,0.048756
0.13,-0.32,0.8,0.698132,0.26738,0.759528,-0.271379,1.67024,-0.839877,0.810032,0.0616504,0.048756
0.13,-0.32,0.8,0.872665,0.26738,0.759528,-0.271379,1.67024,-0.839877,0.984565,0.122834,0.048756
0.13,-0.32,0.8,1.0472,0.26738,0.759528,-0.271379,1.67024,-0.839877,1.1591,0.183083,0.048756
0.13,-0.32,0.8,1.22173,0.26738,0.759528,-0.271379,1.67024,-0.839877,1.33363,0.241939,0.048756
0.13,-0.32,0.8,1.39626,0.26738,0.759528,-0.271379,1.67024,-0.839877,1.50816,0.298953,0.048756
0.13,-0.29,0.8,0,0.272166,0.760782,-0.149954,1.8083,-0.818329,-0.0703625,0.353692,0.048317
0.13,-0.29,0.8,0.174533,0.272166,0.760782,-0.149954,1.8083,-0.818329,0.10417,0.405739,0.048317
0.13,-0.29,0.8,0.349066,0.272166,0.760782,-0.149954,1.8083,-0.818329,0.278703,0.454698,0.048317
0.13,-0.29,0.8,0.523599,0.272166,0.760782,-0.149954,1.8083,-0.818329,0.453236,2.59838e-06,0.048317
0.13,-0.29,0.8,0.698132,0.272166,0.760782,-0.149954,1.8083,-0.818329,0.627769,0.0616504,0.048317
0.13,-0.29,0.8,0.872665,0.272166,0.760782,-0.149954,1.8083,-0.818329,0.802302,0.122834,0.048317
0.13,-0.29,0.8,1.0472,0.272166,0.760782,-0.149954,1.8083,-0.818329,0.976835,0.183083,0.048317
0.13,-0.29,0.8,1.22173,0.272166,0.760782,-0.149954,1.8083,-0.818329,1.15137,0.241939,0.048317
0.13,-0.29,0.8,1.39626,0.272166,0.760782,-0.149954,1.8083,-0.818329,1.3259,0.298953,0.048317
0.13,-0.26,0.8,0,0.23112,0.750868,0.0178349,1.91877,-0.786105,-0.263796,0.353692,0.042548
0.13,-0.26,0.8,0.174533,0.23112,0.750868,0.0178349,1.91877,-0.786105,-0.0892627,0.405739,0.042548
0.13,-0.26,0.8,0.349066,0.23112,0.750868,0.0178349,1.91877,-0.786105,0.0852702,0.454698,0.042548
0.13,-0.26,0.8,0.523599,0.23112,0.750868,0.0178349,1.91877,-0.786105,0.259803,2.59838e-06,0.042548
0.13,-0.26,0.8,0.698132,0.23112,0.750868,0.0178349,1.91877,-0.786105,0.434336,0.0616504,0.042548
0.13,-0.26,0.8,0.872665,0.23112,0.750868,0.0178349,1.91877,-0.786105,0.608869,0.122834,0.042548
0.13,-0.26,0.8,1.0472,0.23112,0.750868,0.0178349,1.91877,-0.786105,0.783402,0.183083,0.042548
0.13,-0.26,0.8,1.22173,0.23112,0.750868,0.0178349,1.91877,-0.786105,0.957935,0.241939,0.042548
0.13,-0.26,0.8,1.39626,0.23112,0.750868,0.0178349,1.91877,-0.786105,1.13247,0.298953,0.042548
0.13,-0.23,0.8,0,0.131692,0.734192,0.243693,2.00032,-0.751562,-0.473646,0.353692,0.0355058
0.13,-0.23,0.8,0.174533,0.131692,0.734192,0.243693,2.00032,-0.751562,-0.299113,0.405739,0.0355058
0.13,-0.23,0.8,0.349066,0.131692,0.734192,0.243693,2.00032,-0.751562,-0.12458,0.454698,0.0355058
0.13,-0.23,0.8,0.523599,0.131692,0.734192,0.243693,2.00032,-0.751562,0.0499527,2.59838e-06,0.0355058
0.13,-0.23,0.8,0.698132,0.131692,0.734192,0.243693,2.00032,-0.751562,0.224486,0.0616504,0.0355058
0.13,-0.23,0.8,0.872665,0.131692,0.734192,0.243693,2.00032,-0.751562,0.399019,0.122834,0.0355058
0.13,-0.23,0.8,1.0472,0.131692,0.734192,0.243693,2.00032,-0.751562,0.573551,0.183083,0.0355058
0.13,-0.23,0.8,1.22173,0.131692,0.734192,0.243693,2.00032,-0.751562,0.748084,0.241939,0.0355058
0.13,-0.23,0.8,1.39626,0.131692,0.734192,0.243693,2.00032,-0.751562,0.922617,0.298953,0.0355058
0.13,-0.2,0.8,0,-0.0379265,0.727165,0.53252,2.0506,-0.724537,-0.700033,0.353692,0.030015
0.13,-0.2,0.8,0.174533,-0.0379275,0.727165,0.532521,2.0506,-0.724537,-0.5255,0.405739,0.030015
0.13,-0.2,0.8,0.349066,-0.0379275,0.727165,0.532521,2.0506,-0.724537,-0.350967,0.454698,0.030015
0.13,-0.2,0.8,0.523599,-0.0379275,0.727165,0.532521,2.0506,-0.724537,-0.176434,2.59838e-06,0.030015
0.13,-0.2,0.8,0.698132,-0.0379275,0.727165,0.532521,2.0506,-0.724537,-0.00190127,0.0616504,0.030015
0.13,-0.2,0.8,0.872665,-0.0379275,0.727165,0.532521,2.0506,-0.724537,0.172632,0.122834,0.030015
0.13,-0.2,0.8,1.0472,-0.0379275,0.727165,0.532521,2.0506,-0.724537,0.347165,0.183083,0.030015
0.13,-0.2,0.8,1.22173,-0.0379275,0.727165,0.532521,2.0506,-0.724537,0.521698,0.241939,0.030015
0.13,-0.2,0.8,1.39626,-0.0379275,0.727165,0.532521,2.0506,-0.724537,0.69623,0.298953,0.030015
0.13,-0.17,0.8,0,-0.262706,0.758734,0.858402,2.06745,-0.714318,-0.933266,0.353692,0.0279132
0.13,-0.17,0.8,0.174533,-0.262706,0.758735,0.858402,2.06745,-0.714318,-0.758732,0.405739,0.0279132
0.13,-0.17,0.8,0.349066,-0.262706,0.758735,0.858402,2.06745,-0.714318,-0.5842,0.454698,0.0279132
0.13,-0.17,0.8,0.523599,-0.262706,0.758735,0.858403,2.06745,-0.714318,-0.409667,2.59838e-06,0.0279132
0.13,-0.17,0.8,0.698132,-0.262706,0.758735,0.858403,2.06745,-0.714318,-0.235134,0.0616504,0.0279132
0.13,-0.17,0.8,0.872665,-0.262706,0.758735,0.858403,2.06745,-0.714318,-0.0606007,0.122834,0.0279132
0.13,-0.17,0.8,1.0472,-0.262706,0.758735,0.858403,2.06745,-0.714318,0.113932,0.183083,0.0279132
0.13,-0.17,0.8,1.22173,-0.262706,0.758735,0.858403,2.06745,-0.714318,0.288465,0.241939,0.0279132
0.13,-0.17,0.8,1.39626,-0.262706,0.758735,0.858403,2.06745,-0.714318,0.462998,0.298953,0.0279132
0.13,-0.14,0.8,0,-0.48497,0.849804,1.15459,2.05003,-0.724871,-1.15308,0.353692,0.0296827
0.13,-0.14,0.8,0.174533,-0.484969,0.849804,1.15459,2.05003,-0.724871,-0.97855,0.405739,0.0296827
0.13,-0.14,0.8,0.349066,-0.484969,0.849804,1.15459,2.05003,-0.724871,-0.804017,0.454698,0.0296827
0.13,-0.14,0.8,0.523599,-0.484969,0.849804,1.15459,2.05003,-0.724871,-0.629484,2.59838e-06,0.0296827
0.13,-0.14,0.8,0.698132,-0.484969,0.849804,1.15459,2.05003,-0.724871,-0.454951,0.0616504,0.0296827
0.13,-0.14,0.8,0.872665,-0.484969,0.849804,1.15459,2.05003,-0.724871,-0.280418,0.122834,0.0296827
0.13,-0.14,0.8,1.0472,-0.484969,0.849804,1.15459,2.05003,-0.724871,-0.105885,0.183083,0.0296827
0.13,-0.14,0.8,1.22173,-0.484969,0.849804,1.15459,2.05003,-0.724871,0.0686479,0.241939,0.0296827
0.13,-0.14,0.8,1.39626,-0.484969,0.849804,1.15459,2.05003,-0.724871,0.243181,0.298953,0.0296827
0.13,-0.11,0.8,0,-0.652576,0.990963,1.36752,1.99921,-0.752105,-1.33742,0.353692,0.0338338
0.13,-0.11,0.8,0.174533,-0.652576,0.990963,1.36752,1.99921,-0.752105,-1.16289,0.405739,0.0338338
0.13,-0.11,0.8,0.349066,-0.652576,0.990963,1.36752,1.99921,-0.752105,-0.988358,0.454698,0.0338338
0.13,-0.11,0.8,0.523599,-0.652576,0.990963,1.36752,1.99921,-0.752105,-0.813825,2.59838e-06,0.0338338
0.13,-0.11,0.8,0.698132,-0.652576,0.990963,1.36752,1.99921,-0.752105,-0.639292,0.0616504,0.0338338
0.13,-0.11,0.8,0.872665,-0.652576,0.990963,1.36752,1.99921,-0.752105,-0.464759,0.122834,0.0338338
0.13,-0.11,0.8,1.0472,-0.652576,0.990963,1.36752,1.99921,-0.752105,-0.290226,0.183083,0.0338338
0.13,-0.11,0.8,1.22173,-0.652576,0.990963,1.36752,1.99921,-0.752105,-0.115693,0.241939,0.0338338
0.13,-0.11,0.8,1.39626,-0.652576,0.990963,1.36752,1.99921,-0.752105,0.0588396,0.298953,0.0338338
0.13,-0.08,0.8,0,-0.757994,1.15643,1.49573,1.91716,-0.786686,-1.47344,0.353692,0.0382297
0.13,-0.08,0.8,0.174533,-0.757994,1.15643,1.49573,1.91716,-0.786686,-1.29891,0.405739,0.0382297
0.13,-0.08,0.8,0.349066,-0.757994,1.15643,1.49573,1.91716,-0.786686,-1.12438,0.454698,0.0382297
0.13,-0.08,0.8,0.523599,-0.757994,1.15643,1.49573,1.91716,-0.786686,-0.949844,2.59838e-06,0.0382297
0.13,-0.08,0.8,0.698132,-0.757994,1.15643,1.49573,1.91716,-0.786686,-0.775312,0.0616504,0.0382297
0.13,-0.08,0.8,0.872665,-0.757994,1.15643,1.49573,1.91716,-0.786686,-0.600779,0.122834,0.0382297
0.13,-0.08,0.8,1.0472,-0.757994,1.15643,1.49573,1.91716,-0.786686,-0.426246,0.183083,0.0382297
0.13,-0.08,0.8,1.22173,-0.757994,1.15643,1.49573,1.91716,-0.786686,-0.251713,0.241939,0.0382297
0.13,-0.08,0.8,1.39626,-0.757994,1.15643,1.49573,1.91716,-0.786686,-0.0771798,0.298953,0.0382297
0.13,-0.05,0.8,0,-0.816102,1.32707,1.56279,1.80622,-0.818798,-1.55943,0.353692,0.0413036
0.13,-0.05,0.8,0.174533,-0.816102,1.32707,1.56279,1.80622,-0.818798,-1.3849,0.405739,0.0413036
0.13,-0.05,0.8,0.349066,-0.816102,1.32707,1.56279,1.80622,-0.818798,-1.21036,0.454698,0.0413036
0.13,-0.05,0.8,0.523599,-0.816102,1.32707,1.56279,1.80622,-0.818798,-1.03583,2.59838e-06,0.0413036
0.13,-0.05,0.8,0.698132,-0.816102,1.32707,1.56279,1.80622,-0.818798,-0.861298,0.0616504,0.0413036
0.13,-0.05,0.8,0.872665,-0.816102,1.32707,1.56279,1.80622,-0.818798,-0.686766,0.122834,0.0413036
0.13,-0.05,0.8,1.0472,-0.816102,1.32707,1.56279,1.80622,-0.818798,-0.512233,0.183083,0.0413036
0.13,-0.05,0.8,1.22173,-0.816102,1.32707,1.56279,1.80622,-0.818798,-0.3377,0.241939,0.0413036
0.13,-0.05,0.8,1.39626,-0.816102,1.32707,1.56279,1.80622,-0.818798,-0.163167,0.298953,0.0413036
0.13,-0.02,0.8,0,-0.840956,1.49523,1.58997,1.66771,-0.840101,-1.59945,0.353692,0.0420638
0.13,-0.02,0.8,0.174533,-0.840956,1.49523,1.58997,1.66771,-0.840101,-1.42491,0.405739,0.0420638
0.13,-0.02,0.8,0.349066,-0.840956,1.49523,1.58997,1.66771,-0.840101,-1.25038,0.454698,0.0420638
0.13,-0.02,0.8,0.523599,-0.840956,1.49523,1.58997,1.66771,-0.840101,-1.07585,2.59838e-06,0.0420638
0.13,-0.02,0.8,0.698132,-0.840956,1.49523,1.58997,1.66771,-0.840101,-0.901314,0.0616504,0.0420638
0.13,-0.02,0.8,0.872665,-0.840956,1.49523,1.58997,1.66771,-0.840101,-0.726781,0.122834,0.0420638
0.13,-0.02,0.8,1.0472,-0.840956,1.49523,1.58997,1.66771,-0.840101,-0.552248,0.183083,0.0420638
0.13,-0.02,0.8,1.22173,-0.840956,1.49523,1.58997,1.66771,-0.840101,-0.377715,0.241939,0.0420638
0.13,-0.02,0.8,1.39626,-0.840956,1.49523,1.58997,1.66771,-0.840101,-0.203182,0.298953,0.0420638
0.13,0.01,0.8,0,-0.839876,1.6609,1.58875,1.50072,-0.842109,-1.59766,0.353692,0.0398919
0.13,0.01,0.8,0.174533,-0.839876,1.6609,1.58875,1.50072,-0.842109,-1.42313,0.405739,0.0398919
0.13,0.01,0.8,0.349066,-0.839876,1.6609,1.58875,1.50072,-0.842109,-1.2486,0.454698,0.0398919
0.13,0.01,0.8,0.523599,-0.839876,1.6609,1.58875,1.50072,-0.842109,-1.07406,2.59838e-06,0.0398919
0.13,0.01,0.8,0.698132,-0.839876,1.6609,1.58875,1.50072,-0.842109,-0.89953,0.0616504,0.0398919
0.13,0.01,0.8,0.872665,-0.839876,1.6609,1.58875,1.50072,-0.842109,-0.724997,0.122834,0.0398919
0.13,0.01,0.8,1.0472,-0.839876,1.6609,1.58875,1.50072,-0.842109,-0.550464,0.183083,0.0398919
0.13,0.01,0.8,1.22173,-0.839876,1.6609,1.58875,1.50072,-0.842109,-0.375931,0.241939,0.0398919
0.13,0.01,0.8,1.39626,-0.839876,1.6609,1.58875,1.50072,-0.842109,-0.201398,0.298953,0.0398919
0.13,0.04,0.8,0,-0.812616,1.82895,1.55881,1.30044,-0.810281,-1.55399,0.353692,0.0342464
0.13,0.04,0.8,0.174533,-0.812616,1.82895,1.55881,1.30044,-0.810281,-1.37946,0.405739,0.0342464
0.13,0.04,0.8,0.349066,-0.812616,1.82895,1.55881,1.30044,-0.810281,-1.20492,0.454698,0.0342464
0.13,0.04,0.8,0.523599,-0.812616,1.82895,1.55881,1.30044,-0.810281,-1.03039,2.59838e-06,0.0342464
0.13,0.04,0.8,0.698132,-0.812616,1.82895,1.55881,1.30044,-0.810281,-0.855856,0.0616504,0.0342464
0.13,0.04,0.8,0.872665,-0.812616,1.82895,1.55881,1.30044,-0.810281,-0.681323,0.122834,0.0342464
0.13,0.04,0.8,1.0472,-0.812616,1.82895,1.55881,1.30044,-0.810281,-0.50679,0.183083,0.0342464
0.13,0.04,0.8,1.22173,-0.812616,1.82895,1.55881,1.30044,-0.810281,-0.332258,0.241939,0.0342464
0.13,0.04,0.8,1.39626,-0.812616,1.82895,1.55881,1.30044,-0.810281,-0.157725,0.298953,0.0342464
0.13,0.07,0.8,0,-0.745115,2.01162,1.47352,1.05364,-0.701016,-1.4556,0.353692,0.0237866
0.13,0.07,0.8,0.174533,-0.745111,2.01162,1.47351,1.05364,-0.70101,-1.28107,0.405739,0.0237864
0.13,0.07,0.8,0.349066,-0.745111,2.01162,1.47351,1.05364,-0.70101,-1.10653,0.454698,0.0237864
0.13,0.07,0.8,0.523599,-0.745111,2.01162,1.47351,1.05364,-0.70101,-0.931999,2.59838e-06,0.0237864
0.13,0.07,0.8,0.698132,-0.745111,2.01162,1.47351,1.05364,-0.70101,-0.757466,0.0616504,0.0237864
0.13,0.07,0.8,0.872665,-0.745111,2.01162,1.47351,1.05364,-0.70101,-0.582933,0.122834,0.0237864
0.13,0.07,0.8,1.0472,-0.745111,2.01162,1.47351,1.05364,-0.70101,-0.4084,0.183083,0.0237864
0.13,0.07,0.8,1.22173,-0.745111,2.01162,1.47351,1.05364,-0.70101,-0.233868,0.241939,0.0237864
0.13,0.07,0.8,1.39626,-0.745111,2.01162,1.47351,1.05364,-0.70101,-0.0593346,0.298953,0.0237864
0.16,-0.41,0.8,0,-0.306718,0.770941,-0.406605,0.880565,-0.533048,0.733111,0.353692,0.0147819
0.16,-0.41,0.8,0.174533,-0.306724,0.770946,-0.406618,0.880565,-0.533031,0.907652,0.405739,0.0147814
0.16,-0.41,0.8,0.349066,-0.306724,0.770946,-0.406619,0.880565,-0.533032,1.08218,0.454698,0.0147814
0.16,-0.41,0.8,0.523599,-0.306724,0.770946,-0.406618,0.880565,-0.533032,1.25672,2.59838e-06,0.0147814
0.16,-0.41,0.8,0.698132,-0.306724,0.770946,-0.406618,0.880565,-0.533032,1.43125,0.0616504,0.0147814
0.16,-0.41,0.8,0.872665,-0.306724,0.770946,-0.406618,0.880565,-0.533032,1.60578,0.122834,0.0147814
0.16,-0.41,0.8,1.0472,-0.306724,0.770946,-0.406618,0.880565,-0.533032,1.78032,0.183083,0.0147814
0.16,-0.41,0.8,1.22173,-0.306724,0.770946,-0.406618,0.880565,-0.533032,1.95485,0.241939,0.0147814
0.16,-0.41,0.8,1.39626,-0.306724,0.770946,-0.406618,0.880565,-0.533032,2.12938,0.298953,0.0147814
0.16,-0.38,0.8,0,-0.117015,0.73254,-0.252752,1.14847,-0.755254,0.474932,0.353692,0.0309159
0.16,-0.38,0.8,0.174533,-0.117016,0.73254,-0.252752,1.14847,-0.755254,0.649465,0.405739,0.0309159
0.16,-0.38,0.8,0.349066,-0.117016,0.73254,-0.252752,1.14847,-0.755254,0.823998,0.454698,0.0309159
0.16,-0.38,0.8,0.523599,-0.117016,0.73254,-0.252752,1.14847,-0.755254,0.99853,2.59838e-06,0.0309159
0.16,-0.38,0.8,0.698132,-0.117016,0.73254,-0.252752,1.14847,-0.755254,1.17306,0.0616504,0.0309159
0.16,-0.38,0.8,0.872665,-0.117016,0.73254,-0.252752,1.14847,-0.755254,1.3476,0.122834,0.0309159
0.16,-0.38,0.8,1.0472,-0.117016,0.73254,-0.252752,1.14847,-0.755254,1.52213,0.183083,0.0309159
0.16,-0.38,0.8,1.22173,-0.117016,0.73254,-0.252752,1.14847,-0.755254,1.69666,0.241939,0.0309159
0.16,-0.38,0.8,1.39626,-0.117016,0.73254,-0.252752,1.14847,-0.755254,1.8712,0.298953,0.0309159
0.16,-0.35,0.8,0,-0.0173237,0.726467,-0.170971,1.35581,-0.823344,0.273264,0.353692,0.0411572
0.16,-0.35,0.8,0.174533,-0.0173246,0.726468,-0.170972,1.35581,-0.823343,0.447799,0.405739,0.0411571
0.16,-0.35,0.8,0.349066,-0.0173246,0.726468,-0.170972,1.35581,-0.823343,0.622332,0.454698,0.0411571
0.16,-0.35,0.8,0.523599,-0.0173246,0.726468,-0.170972,1.35581,-0.823343,0.796865,2.59838e-06,0.0411571
0.16,-0.35,0.8,0.698132,-0.0173246,0.726468,-0.170972,1.35581,-0.823343,0.971398,0.0616504,0.0411571
0.16,-0.35,0.8,0.872665,-0.0173246,0.726468,-0.170972,1.35581,-0.823343,1.14593,0.122834,0.0411571
0.16,-0.35,0.8,1.0472,-0.0173246,0.726468,-0.170972,1.35581,-0.823343,1.32046,0.183083,0.0411571
0.16,-0.35,0.8,1.22173,-0.0173246,0.726468,-0.170972,1.35581,-0.823343,1.495,0.241939,0.0411571
0.16,-0.35,0.8,1.39626,-0.0173246,0.726468,-0.170972,1.35581,-0.823343,1.66953,0.298953,0.0411571
0.16,-0.32,0.8,0,0.0280461,0.726652,-0.0783152,1.52372,-0.843489,0.0871962,0.353692,0.0478867
0.16,-0.32,0.8,0.174533,0.028046,0.726652,-0.0783153,1.52372,-0.843489,0.261729,0.405739,0.0478867
0.16,-0.32,0.8,0.349066,0.028046,0.726652,-0.0783153,1.52372,-0.843489,0.436262,0.454698,0.0478867
0.16,-0.32,0.8,0.523599,0.028046,0.726652,-0.0783153,1.52372,-0.843489,0.610795,2.59838e-06,0.0478867
0.16,-0.32,0.8,0.698132,0.028046,0.726652,-0.0783153,1.52372,-0.843489,0.785328,0.0616504,0.0478867
0.16,-0.32,0.8,0.872665,0.028046,0.726652,-0.0783153,1.52372,-0.843489,0.959861,0.122834,0.0478867
0.16,-0.32,0.8,1.0472,0.028046,0.726652,-0.0783153,1.52372,-0.843489,1.13439,0.183083,0.0478867
0.16,-0.32,0.8,1.22173,0.028046,0.726652,-0.0783153,1.52372,-0.843489,1.30893,0.241939,0.0478867
0.16,-0.32,0.8,1.39626,0.028046,0.726652,-0.0783153,1.52372,-0.843489,1.48346,0.298953,0.0478867
0.16,-0.29,0.8,0,0.0269504,0.726626,0.0444148,1.65985,-0.840935,-0.0960075,0.353692,0.0477735
0.16,-0.29,0.8,0.174533,0.0269504,0.726626,0.0444148,1.65985,-0.840935,0.0785254,0.405739,0.0477735
0.16,-0.29,0.8,0.349066,0.0269504,0.726626,0.0444148,1.65985,-0.840935,0.253058,0.454698,0.0477735
0.16,-0.29,0.8,0.523599,0.0269504,0.726626,0.0444148,1.65985,-0.840935,0.427591,2.59838e-06,0.0477735
0.16,-0.29,0.8,0.698132,0.0269504,0.726626,0.0444148,1.65985,-0.840935,0.602124,0.0616504,0.0477735
0.16,-0.29,0.8,0.872665,0.0269504,0.726626,0.0444148,1.65985,-0.840935,0.776657,0.122834,0.0477735
0.16,-0.29,0.8,1.0472,0.0269504,0.726626,0.0444148,1.65985,-0.840935,0.95119,0.183083,0.0477735
0.16,-0.29,0.8,1.22173,0.0269504,0.726626,0.0444148,1.65985,-0.840935,1.12572,0.241939,0.0477735
0.16,-0.29,0.8,1.39626,0.0269504,0.726626,0.0444148,1.65985,-0.840935,1.30026,0.298953,0.0477735
0.16,-0.26,0.8,0,-0.0208087,0.726529,0.206114,1.7667,-0.827015,-0.282604,0.353692,0.0430745
0.16,-0.26,0.8,0.174533,-0.0208087,0.726529,0.206114,1.7667,-0.827015,-0.108071,0.405739,0.0430745
0.16,-0.26,0.8,0.349066,-0.0208087,0.726529,0.206114,1.7667,-0.827015,0.0664616,0.454698,0.0430745
0.16,-0.26,0.8,0.523599,-0.0208087,0.726529,0.206114,1.7667,-0.827015,0.240994,2.59838e-06,0.0430745
0.16,-0.26,0.8,0.698132,-0.0208087,0.726529,0.206114,1.7667,-0.827015,0.415527,0.0616504,0.0430745
0.16,-0.26,0.8,0.872665,-0.0208087,0.726529,0.206114,1.7667,-0.827015,0.59006,0.122834,0.0430745
0.16,-0.26,0.8,1.0472,-0.0208087,0.726529,0.206114,1.7667,-0.827015,0.764593,0.183083,0.0430745
0.16,-0.26,0.8,1.22173,-0.0208087,0.726529,0.206114,1.7667,-0.827015,0.939126,0.241939,0.0430745
0.16,-0.26,0.8,1.39626,-0.0208087,0.726529,0.206114,1.7667,-0.827015,1.11366,0.298953,0.0430745
0.16,-0.23,0.8,0,-0.117059,0.732544,0.409778,1.84429,-0.809638,-0.475016,0.353692,0.038063
0.16,-0.23,0.8,0.174533,-0.117059,0.732544,0.409778,1.84429,-0.809638,-0.300483,0.405739,0.038063
0.16,-0.23,0.8,0.349066,-0.117059,0.732544,0.409778,1.84429,-0.809638,-0.125951,0.454698,0.038063
0.16,-0.23,0.8,0.523599,-0.117059,0.732544,0.409778,1.84429,-0.809638,0.0485824,2.59838e-06,0.038063
0.16,-0.23,0.8,0.698132,-0.117059,0.732544,0.409778,1.84429,-0.809638,0.223115,0.0616504,0.038063
0.16,-0.23,0.8,0.872665,-0.117059,0.732544,0.409778,1.84429,-0.809638,0.397648,0.122834,0.038063
0.16,-0.23,0.8,1.0472,-0.117059,0.732544,0.409778,1.84429,-0.809638,0.572181,0.183083,0.038063
0.16,-0.23,0.8,1.22173,-0.117059,0.732544,0.409778,1.84429,-0.809638,0.746714,0.241939,0.038063
0.16,-0.23,0.8,1.39626,-0.117059,0.732544,0.409778,1.84429,-0.809638,0.921247,0.298953,0.038063
0.16,-0.2,0.8,0,-0.256523,0.756987,0.6469,1.89153,-0.795663,-0.671255,0.353692,0.0346636
0.16,-0.2,0.8,0.174533,-0.256523,0.756987,0.6469,1.89153,-0.795663,-0.496723,0.405739,0.0346636
0.16,-0.2,0.8,0.349066,-0.256523,0.756987,0.6469,1.89153,-0.795663,-0.32219,0.454698,0.0346636
0.16,-0.2,0.8,0.523599,-0.256523,0.756987,0.6469,1.89153,-0.795663,-0.147657,2.59838e-06,0.0346636
0.16,-0.2,0.8,0.698132,-0.256523,0.756987,0.6469,1.89153,-0.795663,0.0268762,0.0616504,0.0346636
0.16,-0.2,0.8,0.872665,-0.256523,0.756987,0.6469,1.89153,-0.795663,0.201409,0.122834,0.0346636
0.16,-0.2,0.8,1.0472,-0.256523,0.756987,0.6469,1.89153,-0.795663,0.375942,0.183083,0.0346636
0.16,-0.2,0.8,1.22173,-0.256523,0.756987,0.6469,1.89153,-0.795663,0.550475,0.241939,0.0346636
0.16,-0.2,0.8,1.39626,-0.256523,0.756987,0.6469,1.89153,-0.795663,0.725008,0.298953,0.0346636
0.16,-0.17,0.8,0,-0.418058,0.813894,0.891134,1.90726,-0.790382,-0.863972,0.353692,0.0337052
0.16,-0.17,0.8,0.174533,-0.418058,0.813894,0.891134,1.90726,-0.790382,-0.689439,0.405739,0.0337052
0.16,-0.17,0.8,0.349066,-0.418058,0.813894,0.891134,1.90726,-0.790382,-0.514906,0.454698,0.0337052
0.16,-0.17,0.8,0.523599,-0.418058,0.813894,0.891134,1.90726,-0.790382,-0.340373,2.59838e-06,0.0337052
0.16,-0.17,0.8,0.698132,-0.418058,0.813894,0.891134,1.90726,-0.790382,-0.16584,0.0616504,0.0337052
0.16,-0.17,0.8,0.872665,-0.418058,0.813894,0.891134,1.90726,-0.790382,0.00869288,0.122834,0.0337052
0.16,-0.17,0.8,1.0472,-0.418058,0.813894,0.891134,1.90726,-0.790382,0.183226,0.183083,0.0337052
0.16,-0.17,0.8,1.22173,-0.418058,0.813894,0.891134,1.90726,-0.790382,0.357759,0.241939,0.0337052
0.16,-0.17,0.8,1.39626,-0.418058,0.813894,0.891134,1.90726,-0.790382,0.532292,0.298953,0.0337052
0.16,-0.14,0.8,0,-0.569965,0.909545,1.10665,1.891,-0.795836,-1.04148,0.353692,0.0350056
0.16,-0.14,0.8,0.174533,-0.569965,0.909545,1.10665,1.891,-0.795836,-0.866948,0.405739,0.0350056
0.16,-0.14,0.8,0.349066,-0.569965,0.909545,1.10665,1.891,-0.795836,-0.692415,0.454698,0.0350056
0.16,-0.14,0.8,0.523599,-0.569965,0.909545,1.10665,1.891,-0.795836,-0.517882,2.59838e-06,0.0350056
0.16,-0.14,0.8,0.698132,-0.569965,0.909545,1.10665,1.891,-0.795836,-0.343349,0.0616504,0.0350056
0.16,-0.14,0.8,0.872665,-0.569965,0.909545,1.10665,1.891,-0.795836,-0.168816,0.122834,0.0350056
0.16,-0.14,0.8,1.0472,-0.569965,0.909545,1.10665,1.891,-0.795836,0.00571649,0.183083,0.0350056
0.16,-0.14,0.8,1.22173,-0.569965,0.909545,1.10665,1.891,-0.795836,0.180249,0.241939,0.0350056
0.16,-0.14,0.8,1.39626,-0.569965,0.909545,1.10665,1.891,-0.795836,0.354782,0.298953,0.0350056
0.16,-0.11,0.8,0,-0.689432,1.03776,1.26994,1.84324,-0.809917,-1.19165,0.353692,0.0374901
0.16,-0.11,0.8,0.174533,-0.689431,1.03776,1.26994,1.84324,-0.809917,-1.01712,0.405739,0.0374901
0.16,-0.11,0.8,0.349066,-0.689431,1.03776,1.26994,1.84324,-0.809917,-0.842584,0.454698,0.0374901
0.16,-0.11,0.8,0.523599,-0.689431,1.03776,1.26994,1.84324,-0.809917,-0.668051,2.59838e-06,0.0374901
0.16,-0.11,0.8,0.698132,-0.689431,1.03776,1.26994,1.84324,-0.809917,-0.493518,0.0616504,0.0374901
0.16,-0.11,0.8,0.872665,-0.689431,1.03776,1.26994,1.84324,-0.809917,-0.318985,0.122834,0.0374901
0.16,-0.11,0.8,1.0472,-0.689431,1.03776,1.26994,1.84324,-0.809917,-0.144452,0.183083,0.0374901
0.16,-0.11,0.8,1.22173,-0.689431,1.03776,1.26994,1.84324,-0.809917,0.0300805,0.241939,0.0374901
0.16,-0.11,0.8,1.39626,-0.689431,1.03776,1.26994,1.84324,-0.809917,0.204613,0.298953,0.0374901
0.16,-0.08,0.8,0,-0.771196,1.18599,1.37855,1.76516,-0.827295,-1.30609,0.353692,0.0397802
0.16,-0.08,0.8,0.174533,-0.771196,1.18599,1.37855,1.76516,-0.827295,-1.13155,0.405739,0.0397802
0.16,-0.08,0.8,0.349066,-0.771196,1.18599,1.37855,1.76516,-0.827295,-0.957021,0.454698,0.0397802
0.16,-0.08,0.8,0.523599,-0.771196,1.18599,1.37855,1.76516,-0.827295,-0.782488,2.59838e-06,0.0397802
0.16,-0.08,0.8,0.698132,-0.771196,1.18599,1.37855,1.76516,-0.827295,-0.607955,0.0616504,0.0397802
0.16,-0.08,0.8,0.872665,-0.771196,1.18599,1.37855,1.76516,-0.827295,-0.433422,0.122834,0.0397802
0.16,-0.08,0.8,1.0472,-0.771196,1.18599,1.37855,1.76516,-0.827295,-0.258889,0.183083,0.0397802
0.16,-0.08,0.8,1.22173,-0.771196,1.18599,1.37855,1.76516,-0.827295,-0.084356,0.241939,0.0397802
0.16,-0.08,0.8,1.39626,-0.771196,1.18599,1.37855,1.76516,-0.827295,0.0901769,0.298953,0.0397802
0.16,-0.05,0.8,0,-0.820009,1.34366,1.44159,1.65782,-0.841095,-1.38136,0.353692,0.0407139
0.16,-0.05,0.8,0.174533,-0.820009,1.34366,1.44159,1.65782,-0.841095,-1.20683,0.405739,0.0407139
0.16,-0.05,0.8,0.349066,-0.820009,1.34366,1.44159,1.65782,-0.841095,-1.0323,0.454698,0.0407139
0.16,-0.05,0.8,0.523599,-0.820009,1.34366,1.44159,1.65782,-0.841095,-0.857765,2.59838e-06,0.0407139
0.16,-0.05,0.8,0.698132,-0.820009,1.34366,1.44159,1.65782,-0.841095,-0.683232,0.0616504,0.0407139
0.16,-0.05,0.8,0.872665,-0.820009,1.34366,1.44159,1.65782,-0.841095,-0.508699,0.122834,0.0407139
0.16,-0.05,0.8,1.0472,-0.820009,1.34366,1.44159,1.65782,-0.841095,-0.334166,0.183083,0.0407139
0.16,-0.05,0.8,1.22173,-0.820009,1.34366,1.44159,1.65782,-0.841095,-0.159633,0.241939,0.0407139
0.16,-0.05,0.8,1.39626,-0.820009,1.34366,1.44159,1.65782,-0.841095,0.0149,0.298953,0.0407139
0.16,-0.02,0.8,0,-0.841782,1.50555,1.46861,1.52119,-0.84338,-1.41712,0.353692,0.0394766
0.16,-0.02,0.8,0.174533,-0.841782,1.50555,1.46861,1.52119,-0.84338,-1.24258,0.405739,0.0394766
0.16,-0.02,0.8,0.349066,-0.841782,1.50555,1.46861,1.52119,-0.84338,-1.06805,0.454698,0.0394766
0.16,-0.02,0.8,0.523599,-0.841782,1.50555,1.46861,1.52119,-0.84338,-0.893517,2.59838e-06,0.0394766
0.16,-0.02,0.8,0.698132,-0.841782,1.50555,1.46861,1.52119,-0.84338,-0.718984,0.0616504,0.0394766
0.16,-0.02,0.8,0.872665,-0.841782,1.50555,1.46861,1.52119,-0.84338,-0.544451,0.122834,0.0394766
0.16,-0.02,0.8,1.0472,-0.841782,1.50555,1.46861,1.52119,-0.84338,-0.369918,0.183083,0.0394766
0.16,-0.02,0.8,1.22173,-0.841782,1.50555,1.46861,1.52119,-0.84338,-0.195385,0.241939,0.0394766
0.16,-0.02,0.8,1.39626,-0.841782,1.50555,1.46861,1.52119,-0.84338,-0.0208524,0.298953,0.0394766
0.16,0.01,0.8,0,-0.839108,1.67192,1.4629,1.35271,-0.82271,-1.41264,0.353692,0.035446
0.16,0.01,0.8,0.174533,-0.839108,1.67192,1.4629,1.35271,-0.82271,-1.23811,0.405739,0.035446
0.16,0.01,0.8,0.349066,-0.839108,1.67192,1.4629,1.35271,-0.82271,-1.06358,0.454698,0.035446
0.16,0.01,0.8,0.523599,-0.839108,1.67192,1.4629,1.35271,-0.82271,-0.889044,2.59838e-06,0.035446
0.16,0.01,0.8,0.698132,-0.839108,1.67192,1.4629,1.35271,-0.82271,-0.714511,0.0616504,0.035446
0.16,0.01,0.8,0.872665,-0.839108,1.67192,1.4629,1.35271,-0.82271,-0.539978,0.122834,0.035446
0.16,0.01,0.8,1.0472,-0.839108,1.67192,1.4629,1.35271,-0.82271,-0.365445,0.183083,0.035446
0.16,0.01,0.8,1.22173,-0.839108,1.67192,1.4629,1.35271,-0.82271,-0.190912,0.241939,0.035446
0.16,0.01,0.8,1.39626,-0.839108,1.67192,1.4629,1.35271,-0.82271,-0.0163791,0.298953,0.035446
0.16,0.04,0.8,0,-0.807485,1.84931,1.41247,1.14459,-0.753392,-1.36145,0.353692,0.0277036
0.16,0.04,0.8,0.174533,-0.807484,1.84931,1.41247,1.14459,-0.753391,-1.18691,0.405739,0.0277036
0.16,0.04,0.8,0.349066,-0.807484,1.84931,1.41247,1.14459,-0.753391,-1.01238,0.454698,0.0277036
0.16,0.04,0.8,0.523599,-0.807484,1.84931,1.41247,1.14459,-0.753391,-0.837846,2.59838e-06,0.0277036
0.16,0.04,0.8,0.698132,-0.807484,1.84931,1.41247,1.14459,-0.753391,-0.663313,0.0616504,0.0277036
0.16,0.04,0.8,0.872665,-0.807484,1.84931,1.41247,1.14459,-0.753391,-0.488781,0.122834,0.0277036
0.16,0.04,0.8,1.0472,-0.807484,1.84931,1.41247,1.14459,-0.753391,-0.314248,0.183083,0.0277036
0.16,0.04,0.8,1.22173,-0.807484,1.84931,1.41247,1.14459,-0.753391,-0.139715,0.241939,0.0277036
0.16,0.04,0.8,1.39626,-0.807484,1.84931,1.41247,1.14459,-0.753391,0.0348183,0.298953,0.0277036
0.16,0.07,0.8,0,-0.715815,2.06413,1.23363,0.875318,-0.525586,-1.22725,0.353692,0.0136995
0.16,0.07,0.8,0.174533,-0.715815,2.06413,1.23363,0.875318,-0.525586,-1.05272,0.405739,0.0136995
0.16,0.07,0.8,0.349066,-0.715815,2.06413,1.23363,0.875318,-0.525586,-0.878186,0.454698,0.0136995
0.16,0.07,0.8,0.523599,-0.715815,2.06413,1.23363,0.875318,-0.525586,-0.703653,2.59838e-06,0.0136995
0.16,0.07,0.8,0.698132,-0.715815,2.06413,1.23363,0.875318,-0.525586,-0.52912,0.0616504,0.0136995
0.16,0.07,0.8,0.872665,-0.715815,2.06413,1.23363,0.875318,-0.525586,-0.354587,0.122834,0.0136995
0.16,0.07,0.8,1.0472,-0.715815,2.06413,1.23363,0.875318,-0.525586,-0.180054,0.183083,0.0136995
0.16,0.07,0.8,1.22173,-0.715815,2.06413,1.23363,0.875318,-0.525586,-0.00552156,0.241939,0.0136995
0.16,0.07,0.8,1.39626,-0.715815,2.06413,1.23363,0.875318,-0.525586,0.169011,0.298953,0.0136995
0.19,-0.38,0.8,0,-0.384746,0.798907,-0.171457,0.944059,-0.609737,0.532981,0.353692,0.01886
0.19,-0.38,0.8,0.174533,-0.384746,0.798907,-0.171458,0.944059,-0.609736,0.707514,0.405739,0.01886
0.19,-0.38,0.8,0.349066,-0.384746,0.798907,-0.171458,0.944059,-0.609736,0.882047,0.454698,0.01886
0.19,-0.38,0.8,0.523599,-0.384746,0.798907,-0.171458,0.944059,-0.609736,1.05658,2.59838e-06,0.01886
0.19,-0.38,0.8,0.698132,-0.384746,0.798907,-0.171458,0.944059,-0.609736,1.23111,0.0616504,0.01886
0.19,-0.38,0.8,0.872665,-0.384746,0.798907,-0.171458,0.944059,-0.609736,1.40565,0.122834,0.01886
0.19,-0.38,0.8,1.0472,-0.384746,0.798907,-0.171458,0.944059,-0.609736,1.58018,0.183083,0.01886
0.19,-0.38,0.8,1.22173,-0.384746,0.798907,-0.171458,0.944059,-0.609736,1.75471,0.241939,0.01886
0.19,-0.38,0.8,1.39626,-0.384746,0.798907,-0.171458,0.944059,-0.609736,1.92924,0.298953,0.01886
0.19,-0.35,0.8,0,-0.269928,0.760234,-0.0197776,1.17021,-0.765441,0.299593,0.353692,0.0321072
0.19,-0.35,0.8,0.174533,-0.269928,0.760234,-0.0197776,1.17021,-0.765441,0.474126,0.405739,0.0321072
0.19,-0.35,0.8,0.349066,-0.269928,0.760234,-0.0197776,1.17021,-0.765441,0.648659,0.454698,0.0321072
0.19,-0.35,0.8,0.523599,-0.269928,0.760234,-0.0197776,1.17021,-0.765441,0.823192,2.59838e-06,0.0321072
0.19,-0.35,0.8,0.698132,-0.269928,0.760234,-0.0197776,1.17021,-0.765441,0.997725,0.0616504,0.0321072
0.19,-0.35,0.8,0.872665,-0.269928,0.760234,-0.0197776,1.17021,-0.765441,1.17226,0.122834,0.0321072
0.19,-0.35,0.8,1.0472,-0.269928,0.760234,-0.0197776,1.17021,-0.765441,1.34679,0.183083,0.0321072
0.19,-0.35,0.8,1.22173,-0.269928,0.760234,-0.0197776,1.17021,-0.765441,1.52132,0.241939,0.0321072
0.19,-0.35,0.8,1.39626,-0.269928,0.760234,-0.0197776,1.17021,-0.765441,1.69586,0.298953,0.0321072
0.19,-0.32,0.8,0,-0.219679,0.748396,0.0915847,1.34521,-0.821323,0.103429,0.353692,0.0401948
0.19,-0.32,0.8,0.174533,-0.21968,0.748396,0.091584,1.34521,-0.821322,0.277963,0.405739,0.0401947
0.19,-0.32,0.8,0.349066,-0.21968,0.748396,0.091584,1.34521,-0.821322,0.452496,0.454698,0.0401947
0.19,-0.32,0.8,0.523599,-0.21968,0.748396,0.091584,1.34521,-0.821322,0.627029,2.59838e-06,0.0401947
0.19,-0.32,0.8,0.698132,-0.21968,0.748396,0.091584,1.34521,-0.821322,0.801561,0.0616504,0.0401947
0.19,-0.32,0.8,0.872665,-0.21968,0.748396,0.091584,1.34521,-0.821322,0.976094,0.122834,0.0401947
0.19,-0.32,0.8,1.0472,-0.21968,0.748396,0.091584,1.34521,-0.821322,1.15063,0.183083,0.0401947
0.19,-0.32,0.8,1.22173,-0.21968,0.748396,0.091584,1.34521,-0.821322,1.32516,0.241939,0.0401947
0.19,-0.32,0.8,1.39626,-0.21968,0.748396,0.091584,1.34521,-0.821322,1.49969,0.298953,0.0401947
0.19,-0.29,0.8,0,-0.216912,0.747824,0.214794,1.483,-0.841212,-0.0801973,0.353692,0.0430899
0.19,-0.29,0.8,0.174533,-0.216912,0.747824,0.214794,1.483,-0.841212,0.0943357,0.405739,0.0430899
0.19,-0.29,0.8,0.349066,-0.216912,0.747824,0.214794,1.483,-0.841212,0.268869,0.454698,0.0430899
0.19,-0.29,0.8,0.523599,-0.216912,0.747824,0.214794,1.483,-0.841212,0.443402,2.59838e-06,0.0430899
0.19,-0.29,0.8,0.698132,-0.216912,0.747824,0.214794,1.483,-0.841212,0.617934,0.0616504,0.0430899
0.19,-0.29,0.8,0.872665,-0.216912,0.747824,0.214794,1.483,-0.841212,0.792467,0.122834,0.0430899
0.19,-0.29,0.8,1.0472,-0.216912,0.747824,0.214794,1.483,-0.841212,0.967,0.183083,0.0430899
0.19,-0.29,0.8,1.22173,-0.216912,0.747824,0.214794,1.483,-0.841212,1.14153,0.241939,0.0430899
0.19,-0.29,0.8,1.39626,-0.216912,0.747824,0.214794,1.483,-0.841212,1.31607,0.298953,0.0430899
0.19,-0.26,0.8,0,-0.255805,0.756622,0.362315,1.58883,-0.844506,-0.25929,0.353692,0.0418534
0.19,-0.26,0.8,0.174533,-0.255805,0.756622,0.362315,1.58883,-0.844506,-0.0847573,0.405739,0.0418534
0.19,-0.26,0.8,0.349066,-0.255805,0.756622,0.362315,1.58883,-0.844506,0.0897756,0.454698,0.0418534
0.19,-0.26,0.8,0.523599,-0.255805,0.756622,0.362315,1.58883,-0.844506,0.264309,2.59838e-06,0.0418534
0.19,-0.26,0.8,0.698132,-0.255805,0.756622,0.362315,1.58883,-0.844506,0.438841,0.0616504,0.0418534
0.19,-0.26,0.8,0.872665,-0.255805,0.756622,0.362315,1.58883,-0.844506,0.613374,0.122834,0.0418534
0.19,-0.26,0.8,1.0472,-0.255805,0.756622,0.362315,1.58883,-0.844506,0.787907,0.183083,0.0418534
0.19,-0.26,0.8,1.22173,-0.255805,0.756622,0.362315,1.58883,-0.844506,0.96244,0.241939,0.0418534
0.19,-0.26,0.8,1.39626,-0.255805,0.756622,0.362315,1.58883,-0.844506,1.13697,0.298953,0.0418534
0.19,-0.23,0.8,0,-0.330891,0.778582,0.534062,1.66441,-0.840738,-0.436167,0.353692,0.0394619
0.19,-0.23,0.8,0.174533,-0.330891,0.778582,0.534062,1.66441,-0.840738,-0.261634,0.405739,0.0394619
0.19,-0.23,0.8,0.349066,-0.330891,0.778582,0.534062,1.66441,-0.840738,-0.0871009,0.454698,0.0394619
0.19,-0.23,0.8,0.523599,-0.330891,0.778582,0.534062,1.66441,-0.840738,0.0874321,2.59838e-06,0.0394619
0.19,-0.23,0.8,0.698132,-0.330891,0.778582,0.534062,1.66441,-0.840738,0.261965,0.0616504,0.0394619
0.19,-0.23,0.8,0.872665,-0.330891,0.778582,0.534062,1.66441,-0.840738,0.436498,0.122834,0.0394619
0.19,-0.23,0.8,1.0472,-0.330891,0.778582,0.534062,1.66441,-0.840738,0.611031,0.183083,0.0394619
0.19,-0.23,0.8,1.22173,-0.330891,0.778582,0.534062,1.66441,-0.840738,0.785564,0.241939,0.0394619
0.19,-0.23,0.8,1.39626,-0.330891,0.778582,0.534062,1.66441,-0.840738,0.960097,0.298953,0.0394619
0.19,-0.2,0.8,0,-0.431995,0.820419,0.720109,1.70989,-0.835958,-0.609239,0.353692,0.0377122
0.19,-0.2,0.8,0.174533,-0.431995,0.820419,0.720109,1.70989,-0.835958,-0.434706,0.405739,0.0377122
0.19,-0.2,0.8,0.349066,-0.431995,0.820419,0.720109,1.70989,-0.835958,-0.260174,0.454698,0.0377122
0.19,-0.2,0.8,0.523599,-0.431995,0.820419,0.720109,1.70989,-0.835958,-0.0856406,2.59838e-06,0.0377122
0.19,-0.2,0.8,0.698132,-0.431995,0.820419,0.720109,1.70989,-0.835958,0.0888923,0.0616504,0.0377122
0.19,-0.2,0.8,0.872665,-0.431995,0.820419,0.720109,1.70989,-0.835958,0.263425,0.122834,0.0377122
0.19,-0.2,0.8,1.0472,-0.431995,0.820419,0.720109,1.70989,-0.835958,0.437958,0.183083,0.0377122
0.19,-0.2,0.8,1.22173,-0.431995,0.820419,0.720109,1.70989,-0.835958,0.612491,0.241939,0.0377122
0.19,-0.2,0.8,1.39626,-0.431995,0.820419,0.720109,1.70989,-0.835958,0.787024,0.298953,0.0377122
0.19,-0.17,0.8,0,-0.543025,0.888188,0.902618,1.72493,-0.833945,-0.773579,0.353692,0.0372181
0.19,-0.17,0.8,0.174533,-0.543025,0.888188,0.902618,1.72493,-0.833945,-0.599046,0.405739,0.0372181
0.19,-0.17,0.8,0.349066,-0.543025,0.888188,0.902618,1.72493,-0.833945,-0.424513,0.454698,0.0372181
0.19,-0.17,0.8,0.523599,-0.543025,0.888188,0.902618,1.72493,-0.833945,-0.24998,2.59838e-06,0.0372181
0.19,-0.17,0.8,0.698132,-0.543025,0.888188,0.902618,1.72493,-0.833945,-0.0754471,0.0616504,0.0372181
0.19,-0.17,0.8,0.872665,-0.543025,0.888188,0.902618,1.72493,-0.833945,0.0990859,0.122834,0.0372181
0.19,-0.17,0.8,1.0472,-0.543025,0.888188,0.902618,1.72493,-0.833945,0.273619,0.183083,0.0372181
0.19,-0.17,0.8,1.22173,-0.543025,0.888188,0.902618,1.72493,-0.833945,0.448152,0.241939,0.0372181
0.19,-0.17,0.8,1.39626,-0.543025,0.888188,0.902618,1.72493,-0.833945,0.622685,0.298953,0.0372181
0.19,-0.14,0.8,0,-0.646645,0.983528,1.0626,1.70938,-0.836022,-0.922023,0.353692,0.0377761
0.19,-0.14,0.8,0.174533,-0.646645,0.983528,1.0626,1.70938,-0.836022,-0.74749,0.405739,0.0377761
0.19,-0.14,0.8,0.349066,-0.646645,0.983528,1.0626,1.70938,-0.836022,-0.572957,0.454698,0.0377761
0.19,-0.14,0.8,0.523599,-0.646645,0.983528,1.0626,1.70938,-0.836022,-0.398424,2.59838e-06,0.0377761
0.19,-0.14,0.8,0.698132,-0.646645,0.983528,1.0626,1.70938,-0.836022,-0.223891,0.0616504,0.0377761
0.19,-0.14,0.8,0.872665,-0.646645,0.983528,1.0626,1.70938,-0.836022,-0.0493583,0.122834,0.0377761
0.19,-0.14,0.8,1.0472,-0.646645,0.983528,1.0626,1.70938,-0.836022,0.125175,0.183083,0.0377761
0.19,-0.14,0.8,1.22173,-0.646645,0.983528,1.0626,1.70938,-0.836022,0.299708,0.241939,0.0377761
0.19,-0.14,0.8,1.39626,-0.646645,0.983528,1.0626,1.70938,-0.836022,0.474241,0.298953,0.0377761
0.19,-0.11,0.8,0,-0.730949,1.10275,1.18783,1.6634,-0.840823,-1.0471,0.353692,0.038651
0.19,-0.11,0.8,0.174533,-0.730949,1.10275,1.18783,1.6634,-0.840823,-0.872567,0.405739,0.038651
0.19,-0.11,0.8,0.349066,-0.730949,1.10275,1.18783,1.6634,-0.840823,-0.698034,0.454698,0.038651
0.19,-0.11,0.8,0.523599,-0.730949,1.10275,1.18783,1.6634,-0.840823,-0.523501,2.59838e-06,0.038651
0.19,-0.11,0.8,0.698132,-0.730949,1.10275,1.18783,1.6634,-0.840823,-0.348968,0.0616504,0.038651
0.19,-0.11,0.8,0.872665,-0.730949,1.10275,1.18783,1.6634,-0.840823,-0.174435,0.122834,0.038651
0.19,-0.11,0.8,1.0472,-0.730949,1.10275,1.18783,1.6634,-0.840823,9.79093e-05,0.183083,0.038651
0.19,-0.11,0.8,1.22173,-0.730949,1.10275,1.18783,1.6634,-0.840823,0.174631,0.241939,0.038651
0.19,-0.11,0.8,1.39626,-0.730949,1.10275,1.18783,1.6634,-0.840823,0.349164,0.298953,0.038651
0.19,-0.08,0.8,0,-0.791544,1.23948,1.27504,1.58732,-0.844529,-1.14283,0.353692,0.0389292
0.19,-0.08,0.8,0.174533,-0.791544,1.23948,1.27504,1.58732,-0.844529,-0.968297,0.405739,0.0389292
0.19,-0.08,0.8,0.349066,-0.791544,1.23948,1.27504,1.58732,-0.844529,-0.793764,0.454698,0.0389292
0.19,-0.08,0.8,0.523599,-0.791544,1.23948,1.27504,1.58732,-0.844529,-0.619231,2.59838e-06,0.0389292
0.19,-0.08,0.8,0.698132,-0.791544,1.23948,1.27504,1.58732,-0.844529,-0.444698,0.0616504,0.0389292
0.19,-0.08,0.8,0.872665,-0.791544,1.23948,1.27504,1.58732,-0.844529,-0.270165,0.122834,0.0389292
0.19,-0.08,0.8,1.0472,-0.791544,1.23948,1.27504,1.58732,-0.844529,-0.0956323,0.183083,0.0389292
0.19,-0.08,0.8,1.22173,-0.791544,1.23948,1.27504,1.58732,-0.844529,0.0789006,0.241939,0.0389292
0.19,-0.08,0.8,1.39626,-0.791544,1.23948,1.27504,1.58732,-0.844529,0.253434,0.298953,0.0389292
0.19,-0.05,0.8,0,-0.828739,1.38819,1.32601,1.48097,-0.841051,-1.20524,0.353692,0.0377834
0.19,-0.05,0.8,0.174533,-0.828739,1.38819,1.32601,1.48097,-0.841051,-1.03071,0.405739,0.0377834
0.19,-0.05,0.8,0.349066,-0.828739,1.38819,1.32601,1.48097,-0.841051,-0.856177,0.454698,0.0377834
0.19,-0.05,0.8,0.523599,-0.828739,1.38819,1.32601,1.48097,-0.841051,-0.681644,2.59838e-06,0.0377834
0.19,-0.05,0.8,0.698132,-0.828739,1.38819,1.32601,1.48097,-0.841051,-0.507111,0.0616504,0.0377834
0.19,-0.05,0.8,0.872665,-0.828739,1.38819,1.32601,1.48097,-0.841051,-0.332578,0.122834,0.0377834
0.19,-0.05,0.8,1.0472,-0.828739,1.38819,1.32601,1.48097,-0.841051,-0.158046,0.183083,0.0377834
0.19,-0.05,0.8,1.22173,-0.828739,1.38819,1.32601,1.48097,-0.841051,0.0164874,0.241939,0.0377834
0.19,-0.05,0.8,1.39626,-0.828739,1.38819,1.32601,1.48097,-0.841051,0.19102,0.298953,0.0377834
0.19,-0.02,0.8,0,-0.843595,1.54663,1.34162,1.34262,-0.820766,-1.23115,0.353692,0.0345036
0.19,-0.02,0.8,0.174533,-0.843595,1.54663,1.34162,1.34262,-0.820766,-1.05661,0.405739,0.0345036
0.19,-0.02,0.8,0.349066,-0.843595,1.54663,1.34162,1.34262,-0.820766,-0.88208,0.454698,0.0345036
0.19,-0.02,0.8,0.523599,-0.843595,1.54663,1.34162,1.34262,-0.820766,-0.707547,2.59838e-06,0.0345036
0.19,-0.02,0.8,0.698132,-0.843595,1.54663,1.34162,1.34262,-0.820766,-0.533014,0.0616504,0.0345036
0.19,-0.02,0.8,0.872665,-0.843595,1.54663,1.34162,1.34262,-0.820766,-0.358481,0.122834,0.0345036
0.19,-0.02,0.8,1.0472,-0.843595,1.54663,1.34162,1.34262,-0.820766,-0.183948,0.183083,0.0345036
0.19,-0.02,0.8,1.22173,-0.843595,1.54663,1.34162,1.34262,-0.820766,-0.00941496,0.241939,0.0345036
0.19,-0.02,0.8,1.39626,-0.843595,1.54663,1.34162,1.34262,-0.820766,0.165118,0.298953,0.0345036
0.19,0.01,0.8,0,-0.834132,1.71779,1.3134,1.16692,-0.763982,-1.21458,0.353692,0.0282398
0.19,0.01,0.8,0.174533,-0.834132,1.71779,1.3134,1.16692,-0.763982,-1.04004,0.405739,0.0282398
0.19,0.01,0.8,0.349066,-0.834132,1.71779,1.3134,1.16692,-0.763982,-0.865511,0.454698,0.0282398
0.19,0.01,0.8,0.523599,-0.834132,1.71779,1.3134,1.16692,-0.763982,-0.690978,2.59838e-06,0.0282398
0.19,0.01,0.8,0.698132,-0.834132,1.71779,1.3134,1.16692,-0.763982,-0.516445,0.0616504,0.0282398
0.19,0.01,0.8,0.872665,-0.834132,1.71779,1.3134,1.16692,-0.763982,-0.341912,0.122834,0.0282398
0.19,0.01,0.8,1.0472,-0.834132,1.71779,1.3134,1.16692,-0.763982,-0.167379,0.183083,0.0282398
0.19,0.01,0.8,1.22173,-0.834132,1.71779,1.3134,1.16692,-0.763982,0.00715381,0.241939,0.0282398
0.19,0.01,0.8,1.39626,-0.834132,1.71779,1.3134,1.16692,-0.763982,0.181687,0.298953,0.0282398
0.19,0.04,0.8,0,-0.78601,1.91793,1.19164,0.939691,-0.605164,-1.13381,0.353692,0.0172506
0.19,0.04,0.8,0.174533,-0.78601,1.91793,1.19164,0.939691,-0.605164,-0.959276,0.405739,0.0172506
0.19,0.04,0.8,0.349066,-0.78601,1.91793,1.19164,0.939691,-0.605164,-0.784743,0.454698,0.0172506
0.19,0.04,0.8,0.523599,-0.78601,1.91793,1.19164,0.939691,-0.605164,-0.610211,2.59838e-06,0.0172506
0.19,0.04,0.8,0.698132,-0.78601,1.91793,1.19164,0.939691,-0.605164,-0.435678,0.0616504,0.0172506
0.19,0.04,0.8,0.872665,-0.78601,1.91793,1.19164,0.939691,-0.605164,-0.261145,0.122834,0.0172506
0.19,0.04,0.8,1.0472,-0.78601,1.91793,1.19164,0.939691,-0.605164,-0.0866117,0.183083,0.0172506
0.19,0.04,0.8,1.22173,-0.78601,1.91793,1.19164,0.939691,-0.605164,0.0879212,0.241939,0.0172506
0.19,0.04,0.8,1.39626,-0.78601,1.91793,1.19164,0.939691,-0.605164,0.262454,0.298953,0.0172506
0.22,-0.35,0.8,0,2.32512,-1.32626,-1.0729,-0.931227,-2.54525,0.976356,0.353692,0.0165598
0.22,-0.35,0.8,0.174533,2.32512,-1.32626,-1.0729,-0.931227,-2.54525,1.15089,0.405739,0.0165598
0.22,-0.35,0.8,0.349066,2.32512,-1.32626,-1.0729,-0.931227,-2.54525,1.32542,0.454698,0.0165598
0.22,-0.35,0.8,0.523599,2.32512,-1.32626,-1.0729,-0.931227,-2.54525,1.49995,2.59838e-06,0.0165598
0.22,-0.35,0.8,0.698132,2.32512,-1.32626,-1.0729,-0.931227,-2.54525,1.67449,0.0616504,0.0165598
0.22,-0.35,0.8,0.872665,2.32512,-1.32626,-1.0729,-0.931227,-2.54525,1.84902,0.122834,0.0165598
0.22,-0.35,0.8,1.0472,2.32512,-1.32626,-1.0729,-0.931227,-2.54525,2.02355,0.183083,0.0165598
0.22,-0.35,0.8,1.22173,2.32512,-1.32626,-1.0729,-0.931227,-2.54525,2.19809,0.241939,0.0165598
0.22,-0.35,0.8,1.39626,2.32512,-1.32626,-1.0729,-0.931227,-2.54525,2.37262,0.298953,0.0165598
0.22,-0.32,0.8,0,2.29876,-1.5188,-1.17973,-1.12567,-2.39725,1.02683,0.353692,0.0260697
0.22,-0.32,0.8,0.174533,2.29876,-1.5188,-1.17973,-1.12567,-2.39725,1.20136,0.405739,0.0260697
0.22,-0.32,0.8,0.349066,2.29876,-1.5188,-1.17973,-1.12567,-2.39725,1.37589,0.454698,0.0260697
0.22,-0.32,0.8,0.523599,2.29876,-1.5188,-1.17973,-1.12567,-2.39725,1.55043,2.59838e-06,0.0260697
0.22,-0.32,0.8,0.698132,2.29876,-1.5188,-1.17973,-1.12567,-2.39725,1.72496,0.0616504,0.0260697
0.22,-0.32,0.8,0.872665,2.29876,-1.5188,-1.17973,-1.12567,-2.39725,1.89949,0.122834,0.0260697
0.22,-0.32,0.8,1.0472,2.29876,-1.5188,-1.17973,-1.12567,-2.39725,2.07403,0.183083,0.0260697
0.22,-0.32,0.8,1.22173,2.29876,-1.5188,-1.17973,-1.12567,-2.39725,2.24856,0.241939,0.0260697
0.22,-0.32,0.8,1.39626,2.29876,-1.5188,-1.17973,-1.12567,-2.39725,2.42309,0.298953,0.0260697
0.22,-0.29,0.8,0,2.30297,-1.68072,-1.19549,-1.27178,-2.33878,1.0187,0.353692,0.0316294
0.22,-0.29,0.8,0.174533,2.30297,-1.68072,-1.19549,-1.27178,-2.33878,1.19323,0.405739,0.0316293
0.22,-0.29,0.8,0.349066,2.30297,-1.68072,-1.19549,-1.27178,-2.33878,1.36776,0.454698,0.0316293
0.22,-0.29,0.8,0.523599,2.30297,-1.68072,-1.19549,-1.27178,-2.33878,1.54229,2.59838e-06,0.0316293
0.22,-0.29,0.8,0.698132,2.30297,-1.68072,-1.19549,-1.27178,-2.33878,1.71683,0.0616504,0.0316293
0.22,-0.29,0.8,0.872665,2.30297,-1.68072,-1.19549,-1.27178,-2.33878,1.89136,0.122834,0.0316293
0.22,-0.29,0.8,1.0472,2.30297,-1.68072,-1.19549,-1.27178,-2.33878,2.06589,0.183083,0.0316293
0.22,-0.29,0.8,1.22173,2.30297,-1.68072,-1.19549,-1.27178,-2.33878,2.24043,0.241939,0.0316293
0.22,-0.29,0.8,1.39626,2.30297,-1.68072,-1.19549,-1.27178,-2.33878,2.41496,0.298953,0.0316293
0.22,-0.26,0.8,0,2.32759,-1.82562,-1.16589,-1.38079,-2.31315,0.971693,0.353692,0.0347299
0.22,-0.26,0.8,0.174533,2.32759,-1.82562,-1.16589,-1.38079,-2.31315,1.14623,0.405739,0.0347299
0.22,-0.26,0.8,0.349066,2.32759,-1.82562,-1.16589,-1.38079,-2.31315,1.32076,0.454698,0.0347299
0.22,-0.26,0.8,0.523599,2.32759,-1.82562,-1.16589,-1.38079,-2.31315,1.49529,2.59838e-06,0.0347299
0.22,-0.26,0.8,0.698132,2.32759,-1.82562,-1.16589,-1.38079,-2.31315,1.66982,0.0616504,0.0347299
0.22,-0.26,0.8,0.872665,2.32759,-1.82562,-1.16589,-1.38079,-2.31315,1.84436,0.122834,0.0347299
0.22,-0.26,0.8,1.0472,2.32759,-1.82562,-1.16589,-1.38079,-2.31315,2.01889,0.183083,0.0347299
0.22,-0.26,0.8,1.22173,2.32759,-1.82562,-1.16589,-1.38079,-2.31315,2.19342,0.241939,0.0347299
0.22,-0.26,0.8,1.39626,2.32759,-1.82562,-1.16589,-1.38079,-2.31315,2.36796,0.298953,0.0347299
0.22,-0.23,0.8,0,2.3699,-1.95539,-1.10179,-1.45713,-2.30255,0.893014,0.353692,0.036208
0.22,-0.23,0.8,0.174533,2.3699,-1.95538,-1.10179,-1.45713,-2.30255,1.06755,0.405739,0.036208
0.22,-0.23,0.8,0.349066,2.3699,-1.95538,-1.10179,-1.45713,-2.30255,1.24208,0.454698,0.036208
0.22,-0.23,0.8,0.523599,2.3699,-1.95538,-1.10179,-1.45713,-2.30255,1.41661,2.59838e-06,0.036208
0.22,-0.23,0.8,0.698132,2.3699,-1.95538,-1.10179,-1.45713,-2.30255,1.59115,0.0616504,0.036208
0.22,-0.23,0.8,0.872665,2.3699,-1.95538,-1.10179,-1.45713,-2.30255,1.76568,0.122834,0.036208
0.22,-0.23,0.8,1.0472,2.3699,-1.95538,-1.10179,-1.45713,-2.30255,1.94021,0.183083,0.036208
0.22,-0.23,0.8,1.22173,2.3699,-1.95538,-1.10179,-1.45713,-2.30255,2.11474,0.241939,0.036208
0.22,-0.23,0.8,1.39626,2.3699,-1.95538,-1.10179,-1.45713,-2.30255,2.28928,0.298953,0.036208
0.22,-0.2,0.8,0,2.4278,-2.06812,-1.00724,-1.50249,-2.29884,0.787591,0.353692,0.0367269
0.22,-0.2,0.8,0.174533,2.4278,-2.06812,-1.00724,-1.50249,-2.29884,0.962124,0.405739,0.0367269
0.22,-0.2,0.8,0.349066,2.4278,-2.06812,-1.00724,-1.50249,-2.29884,1.13666,0.454698,0.0367269
0.22,-0.2,0.8,0.523599,2.4278,-2.06812,-1.00724,-1.50249,-2.29884,1.31119,2.59838e-06,0.0367269
0.22,-0.2,0.8,0.698132,2.4278,-2.06812,-1.00724,-1.50249,-2.29884,1.48572,0.0616504,0.0367269
0.22,-0.2,0.8,0.872665,2.4278,-2.06812,-1.00724,-1.50249,-2.29884,1.66026,0.122834,0.0367269
0.22,-0.2,0.8,1.0472,2.4278,-2.06812,-1.00724,-1.50249,-2.29884,1.83479,0.183083,0.0367269
0.22,-0.2,0.8,1.22173,2.4278,-2.06812,-1.00724,-1.50249,-2.29884,2.00932,0.241939,0.0367269
0.22,-0.2,0.8,1.39626,2.4278,-2.06812,-1.00724,-1.50249,-2.29884,2.18385,0.298953,0.0367269
0.22,-0.17,0.8,0,2.49714,-2.16084,-0.886805,-1.5174,-2.29803,0.660346,0.353692,0.0368743
0.22,-0.17,0.8,0.174533,2.49714,-2.16084,-0.886805,-1.5174,-2.29803,0.834879,0.405739,0.0368743
0.22,-0.17,0.8,0.349066,2.49714,-2.16084,-0.886805,-1.5174,-2.29803,1.00941,0.454698,0.0368743
0.22,-0.17,0.8,0.523599,2.49714,-2.16084,-0.886805,-1.5174,-2.29803,1.18394,2.59838e-06,0.0368743
0.22,-0.17,0.8,0.698132,2.49714,-2.16084,-0.886805,-1.5174,-2.29803,1.35848,0.0616504,0.0368743
0.22,-0.17,0.8,0.872665,2.49714,-2.16084,-0.886805,-1.5174,-2.29803,1.53301,0.122834,0.0368743
0.22,-0.17,0.8,1.0472,2.49714,-2.16084,-0.886805,-1.5174,-2.29803,1.70754,0.183083,0.0368743
0.22,-0.17,0.8,1.22173,2.49714,-2.16084,-0.886805,-1.5174,-2.29803,1.88208,0.241939,0.0368743
0.22,-0.17,0.8,1.39626,2.49714,-2.16084,-0.886805,-1.5174,-2.29803,2.05661,0.298953,0.0368743
0.22,-0.14,0.8,0,2.5703,-2.23146,-0.74825,-1.50198,-2.29887,0.516372,0.353692,0.0370545
0.22,-0.14,0.8,0.174533,2.5703,-2.23146,-0.74825,-1.50198,-2.29887,0.690905,0.405739,0.0370545
0.22,-0.14,0.8,0.349066,2.5703,-2.23146,-0.74825,-1.50198,-2.29887,0.865438,0.454698,0.0370545
0.22,-0.14,0.8,0.523599,2.5703,-2.23146,-0.74825,-1.50198,-2.29887,1.03997,2.59838e-06,0.0370545
0.22,-0.14,0.8,0.698132,2.5703,-2.23146,-0.74825,-1.50198,-2.29887,1.2145,0.0616504,0.0370545
0.22,-0.14,0.8,0.872665,2.5703,-2.23146,-0.74825,-1.50198,-2.29887,1.38904,0.122834,0.0370545
0.22,-0.14,0.8,1.0472,2.5703,-2.23146,-0.74825,-1.50198,-2.29887,1.56357,0.183083,0.0370545
0.22,-0.14,0.8,1.22173,2.5703,-2.23146,-0.74825,-1.50198,-2.29887,1.7381,0.241939,0.0370545
0.22,-0.14,0.8,1.39626,2.5703,-2.23146,-0.74825,-1.50198,-2.29887,1.91264,0.298953,0.0370545
0.22,-0.11,0.8,0,2.63674,-2.2801,-0.60211,-1.45612,-2.30265,0.36016,0.353692,0.0372668
0.22,-0.11,0.8,0.174533,2.63674,-2.2801,-0.60211,-1.45612,-2.30265,0.534693,0.405739,0.0372668
0.22,-0.11,0.8,0.349066,2.63674,-2.2801,-0.60211,-1.45612,-2.30265,0.709226,0.454698,0.0372668
0.22,-0.11,0.8,0.523599,2.63674,-2.2801,-0.60211,-1.45612,-2.30265,0.883759,2.59838e-06,0.0372668
0.22,-0.11,0.8,0.698132,2.63674,-2.2801,-0.60211,-1.45612,-2.30265,1.05829,0.0616504,0.0372668
0.22,-0.11,0.8,0.872665,2.63674,-2.2801,-0.60211,-1.45612,-2.30265,1.23283,0.122834,0.0372668
0.22,-0.11,0.8,1.0472,2.63674,-2.2801,-0.60211,-1.45612,-2.30265,1.40736,0.183083,0.0372668
0.22,-0.11,0.8,1.22173,2.63674,-2.2801,-0.60211,-1.45612,-2.30265,1.58189,0.241939,0.0372668
0.22,-0.11,0.8,1.39626,2.63674,-2.2801,-0.60211,-1.45612,-2.30265,1.75642,0.298953,0.0372668
0.22,-0.08,0.8,0,2.68524,-2.30878,-0.45831,-1.37925,-2.31343,0.194473,0.353692,0.0368791
0.22,-0.08,0.8,0.174533,2.68524,-2.30878,-0.45831,-1.37925,-2.31343,0.369006,0.405739,0.0368791
0.22,-0.08,0.8,0.349066,2.68524,-2.30878,-0.45831,-1.37925,-2.31343,0.543539,0.454698,0.0368791
0.22,-0.08,0.8,0.523599,2.68524,-2.30878,-0.45831,-1.37925,-2.31343,0.718072,2.59838e-06,0.0368791
0.22,-0.08,0.8,0.698132,2.68524,-2.30878,-0.45831,-1.37925,-2.31343,0.892605,0.0616504,0.0368791
0.22,-0.08,0.8,0.872665,2.68524,-2.30878,-0.45831,-1.37925,-2.31343,1.06714,0.122834,0.0368791
0.22,-0.08,0.8,1.0472,2.68524,-2.30878,-0.45831,-1.37925,-2.31343,1.24167,0.183083,0.0368791
0.22,-0.08,0.8,1.22173,2.68524,-2.30878,-0.45831,-1.37925,-2.31343,1.4162,0.241939,0.0368791
0.22,-0.08,0.8,1.39626,2.68524,-2.30878,-0.45831,-1.37925,-2.31343,1.59074,0.298953,0.0368791
0.22,-0.05,0.8,0,2.70594,-2.31956,-0.321429,-1.26967,-2.33941,0.0190988,0.353692,0.0345765
0.22,-0.05,0.8,0.174533,2.70594,-2.31956,-0.321429,-1.26967,-2.33941,0.193632,0.405739,0.0345765
0.22,-0.05,0.8,0.349066,2.70594,-2.31956,-0.321429,-1.26967,-2.33941,0.368165,0.454698,0.0345765
0.22,-0.05,0.8,0.523599,2.70594,-2.31956,-0.321429,-1.26967,-2.33941,0.542698,2.59838e-06,0.0345765
0.22,-0.05,0.8,0.698132,2.70594,-2.31956,-0.321429,-1.26967,-2.33941,0.71723,0.0616504,0.0345765
0.22,-0.05,0.8,0.872665,2.70594,-2.31956,-0.321429,-1.26967,-2.33941,0.891763,0.122834,0.0345765
0.22,-0.05,0.8,1.0472,2.70594,-2.31956,-0.321429,-1.26967,-2.33941,1.0663,0.183083,0.0345765
0.22,-0.05,0.8,1.22173,2.70594,-2.31956,-0.321429,-1.26967,-2.33941,1.24083,0.241939,0.0345765
0.22,-0.05,0.8,1.39626,2.70594,-2.31956,-0.321429,-1.26967,-2.33941,1.41536,0.298953,0.0345765
0.22,-0.02,0.8,0,2.68986,-2.31125,-0.183804,-1.12287,-2.39871,-0.17142,0.353692,0.0286908
0.22,-0.02,0.8,0.174533,2.68986,-2.31125,-0.183803,-1.12287,-2.39871,0.00311245,0.405739,0.0286908
0.22,-0.02,0.8,0.349066,2.68986,-2.31125,-0.183803,-1.12287,-2.39871,0.177645,0.454698,0.0286908
0.22,-0.02,0.8,0.523599,2.68986,-2.31125,-0.183803,-1.12287,-2.39871,0.352178,2.59838e-06,0.0286908
0.22,-0.02,0.8,0.698132,2.68986,-2.31125,-0.183803,-1.12287,-2.39871,0.526711,0.0616504,0.0286908
0.22,-0.02,0.8,0.872665,2.68986,-2.31125,-0.183803,-1.12287,-2.39871,0.701244,0.122834,0.0286908
0.22,-0.02,0.8,1.0472,2.68986,-2.31125,-0.183803,-1.12287,-2.39871,0.875777,0.183083,0.0286908
0.22,-0.02,0.8,1.22173,2.68986,-2.31125,-0.183803,-1.12287,-2.39871,1.05031,0.241939,0.0286908
0.22,-0.02,0.8,1.39626,2.68986,-2.31125,-0.183803,-1.12287,-2.39871,1.22484,0.298953,0.0286908
0.22,0.01,0.8,0,2.62238,-2.27058,0.00152339,-0.927448,-2.54942,-0.397694,0.353692,0.017575
0.22,0.01,0.8,0.174533,2.62238,-2.27058,0.00152339,-0.927448,-2.54942,-0.223161,0.405739,0.017575
0.22,0.01,0.8,0.349066,2.62238,-2.27058,0.00152339,-0.927448,-2.54942,-0.0486281,0.454698,0.017575
0.22,0.01,0.8,0.523599,2.62238,-2.27058,0.00152339,-0.927448,-2.54942,0.125905,2.59838e-06,0.017575
0.22,0.01,0.8,0.698132,2.62238,-2.27058,0.00152339,-0.927448,-2.54942,0.300438,0.0616504,0.017575
0.22,0.01,0.8,0.872665,2.62238,-2.27058,0.00152339,-0.927448,-2.54942,0.474971,0.122834,0.017575
0.22,0.01,0.8,1.0472,2.62238,-2.27058,0.00152339,-0.927448,-2.54942,0.649504,0.183083,0.017575
0.22,0.01,0.8,1.22173,2.62238,-2.27058,0.00152339,-0.927448,-2.54942,0.824037,0.241939,0.017575
0.22,0.01,0.8,1.39626,2.62238,-2.27058,0.00152339,-0.927448,-2.54942,0.998569,0.298953,0.017575
0.25,-0.32,0.8,0,2.31761,-1.36022,-0.840948,-0.839614,-2.67176,0.750618,0.353692,0.0110933
0.25,-0.32,0.8,0.174533,2.31761,-1.36021,-0.840946,-0.839614,-2.67177,0.92515,0.405739,0.0110933
0.25,-0.32,0.8,0.349066,2.31761,-1.36021,-0.840946,-0.839614,-2.67177,1.09968,0.454698,0.0110933
0.25,-0.32,0.8,0.523599,2.31761,-1.36021,-0.840946,-0.839614,-2.67177,1.27422,2.59838e-06,0.0110933
0.25,-0.32,0.8,0.698132,2.31761,-1.36021,-0.840946,-0.839614,-2.67177,1.44875,0.0616504,0.0110933
0.25,-0.32,0.8,0.872665,2.31761,-1.36021,-0.840946,-0.839614,-2.67177,1.62328,0.122834,0.0110933
0.25,-0.32,0.8,1.0472,2.31761,-1.36021,-0.840946,-0.839614,-2.67177,1.79781,0.183083,0.0110933
0.25,-0.32,0.8,1.22173,2.31761,-1.36021,-0.840946,-0.839614,-2.67177,1.97235,0.241939,0.0110933
0.25,-0.32,0.8,1.39626,2.31761,-1.36021,-0.840946,-0.839614,-2.67177,2.14688,0.298953,0.0110933
0.25,-0.29,0.8,0,2.29746,-1.55765,-0.991496,-1.01013,-2.47142,0.797552,0.353692,0.0204249
0.25,-0.29,0.8,0.174533,2.29746,-1.55765,-0.991496,-1.01013,-2.47142,0.972085,0.405739,0.0204249
0.25,-0.29,0.8,0.349066,2.29746,-1.55765,-0.991496,-1.01013,-2.47142,1.14662,0.454698,0.0204249
0.25,-0.29,0.8,0.523599,2.29746,-1.55765,-0.991496,-1.01013,-2.47142,1.32115,2.59838e-06,0.0204249
0.25,-0.29,0.8,0.698132,2.29746,-1.55765,-0.991496,-1.01013,-2.47142,1.49568,0.0616504,0.0204249
0.25,-0.29,0.8,0.872665,2.29746,-1.55765,-0.991496,-1.01013,-2.47142,1.67022,0.122834,0.0204249
0.25,-0.29,0.8,1.0472,2.29746,-1.55765,-0.991496,-1.01013,-2.47142,1.84475,0.183083,0.0204249
0.25,-0.29,0.8,1.22173,2.29746,-1.55765,-0.991496,-1.01013,-2.47142,2.01928,0.241939,0.0204249
0.25,-0.29,0.8,1.39626,2.29746,-1.55765,-0.991496,-1.01013,-2.47142,2.19382,0.298953,0.0204249
0.25,-0.26,0.8,0,2.30617,-1.71068,-1.01443,-1.13069,-2.39446,0.777284,0.353692,0.0258831
0.25,-0.26,0.8,0.174533,2.30617,-1.71068,-1.01442,-1.13069,-2.39446,0.951816,0.405739,0.0258831
0.25,-0.26,0.8,0.349066,2.30617,-1.71068,-1.01442,-1.13069,-2.39446,1.12635,0.454698,0.0258831
0.25,-0.26,0.8,0.523599,2.30617,-1.71068,-1.01442,-1.13069,-2.39446,1.30088,2.59838e-06,0.0258831
0.25,-0.26,0.8,0.698132,2.30617,-1.71068,-1.01442,-1.13069,-2.39446,1.47541,0.0616504,0.0258831
0.25,-0.26,0.8,0.872665,2.30617,-1.71068,-1.01442,-1.13069,-2.39446,1.64995,0.122834,0.0258831
0.25,-0.26,0.8,1.0472,2.30617,-1.71068,-1.01442,-1.13069,-2.39446,1.82448,0.183083,0.0258831
0.25,-0.26,0.8,1.22173,2.30617,-1.71068,-1.01442,-1.13069,-2.39446,1.99901,0.241939,0.0258831
0.25,-0.26,0.8,1.39626,2.30617,-1.71068,-1.01442,-1.13069,-2.39446,2.17355,0.298953,0.0258831
0.25,-0.23,0.8,0,2.33113,-1.84032,-0.984513,-1.21259,-2.35847,0.718965,0.353692,0.0290528
0.25,-0.23,0.8,0.174533,2.33113,-1.84032,-0.984513,-1.21259,-2.35847,0.893498,0.405739,0.0290527
0.25,-0.23,0.8,0.349066,2.33113,-1.84032,-0.984513,-1.21259,-2.35847,1.06803,0.454698,0.0290527
0.25,-0.23,0.8,0.523599,2.33113,-1.84032,-0.984513,-1.21259,-2.35847,1.24256,2.59838e-06,0.0290527
0.25,-0.23,0.8,0.698132,2.33113,-1.84032,-0.984513,-1.21259,-2.35847,1.4171,0.0616504,0.0290527
0.25,-0.23,0.8,0.872665,2.33113,-1.84032,-0.984513,-1.21259,-2.35847,1.59163,0.122834,0.0290527
0.25,-0.23,0.8,1.0472,2.33113,-1.84032,-0.984513,-1.21259,-2.35847,1.76616,0.183083,0.0290527
0.25,-0.23,0.8,1.22173,2.33113,-1.84032,-0.984513,-1.21259,-2.35847,1.9407,0.241939,0.0290527
0.25,-0.23,0.8,1.39626,2.33113,-1.84032,-0.984513,-1.21259,-2.35847,2.11523,0.298953,0.0290527
0.25,-0.2,0.8,0,2.36759,-1.95027,-0.920457,-1.26041,-2.34205,0.632036,0.353692,0.0307122
0.25,-0.2,0.8,0.174533,2.36759,-1.95027,-0.920457,-1.26041,-2.34205,0.806569,0.405739,0.0307122
0.25,-0.2,0.8,0.349066,2.36759,-1.95027,-0.920457,-1.26041,-2.34205,0.981102,0.454698,0.0307122
0.25,-0.2,0.8,0.523599,2.36759,-1.95027,-0.920457,-1.26041,-2.34205,1.15564,2.59838e-06,0.0307122
0.25,-0.2,0.8,0.698132,2.36759,-1.95027,-0.920457,-1.26041,-2.34205,1.33017,0.0616504,0.0307122
0.25,-0.2,0.8,0.872665,2.36759,-1.95027,-0.920457,-1.26041,-2.34205,1.5047,0.122834,0.0307122
0.25,-0.2,0.8,1.0472,2.36759,-1.95027,-0.920457,-1.26041,-2.34205,1.67923,0.183083,0.0307122
0.25,-0.2,0.8,1.22173,2.36759,-1.95027,-0.920457,-1.26041,-2.34205,1.85377,0.241939,0.0307122
0.25,-0.2,0.8,1.39626,2.36759,-1.95027,-0.920457,-1.26041,-2.34205,2.0283,0.298953,0.0307122
0.25,-0.17,0.8,0,2.4111,-2.04043,-0.830828,-1.276,-2.33734,0.522021,0.353692,0.0313269
0.25,-0.17,0.8,0.174533,2.4111,-2.04043,-0.830828,-1.276,-2.33734,0.696554,0.405739,0.0313269
0.25,-0.17,0.8,0.349066,2.4111,-2.04043,-0.830828,-1.276,-2.33734,0.871087,0.454698,0.0313269
0.25,-0.17,0.8,0.523599,2.4111,-2.04043,-0.830828,-1.276,-2.33734,1.04562,2.59838e-06,0.0313269
0.25,-0.17,0.8,0.698132,2.4111,-2.04043,-0.830828,-1.276,-2.33734,1.22015,0.0616504,0.0313269
0.25,-0.17,0.8,0.872665,2.4111,-2.04043,-0.830828,-1.276,-2.33734,1.39469,0.122834,0.0313269
0.25,-0.17,0.8,1.0472,2.4111,-2.04043,-0.830828,-1.276,-2.33734,1.56922,0.183083,0.0313269
0.25,-0.17,0.8,1.22173,2.4111,-2.04043,-0.830828,-1.276,-2.33734,1.74375,0.241939,0.0313269
0.25,-0.17,0.8,1.39626,2.4111,-2.04043,-0.830828,-1.276,-2.33734,1.91828,0.298953,0.0313269
0.25,-0.14,0.8,0,2.45582,-2.10991,-0.722037,-1.25988,-2.34222,0.392949,0.353692,0.0310982
0.25,-0.14,0.8,0.174533,2.45582,-2.10991,-0.722037,-1.25988,-2.34222,0.567482,0.405739,0.0310982
0.25,-0.14,0.8,0.349066,2.45582,-2.10991,-0.722037,-1.25988,-2.34222,0.742015,0.454698,0.0310982
0.25,-0.14,0.8,0.523599,2.45582,-2.10991,-0.722037,-1.25988,-2.34222,0.916548,2.59838e-06,0.0310982
0.25,-0.14,0.8,0.698132,2.45582,-2.10991,-0.722037,-1.25988,-2.34222,1.09108,0.0616504,0.0310982
0.25,-0.14,0.8,0.872665,2.45582,-2.10991,-0.722037,-1.25988,-2.34222,1.26561,0.122834,0.0310982
0.25,-0.14,0.8,1.0472,2.45582,-2.10991,-0.722037,-1.25988,-2.34222,1.44015,0.183083,0.0310982
0.25,-0.14,0.8,1.22173,2.45582,-2.10991,-0.722037,-1.25988,-2.34222,1.61468,0.241939,0.0310982
0.25,-0.14,0.8,1.39626,2.45582,-2.10991,-0.722037,-1.25988,-2.34222,1.78921,0.298953,0.0310982
0.25,-0.11,0.8,0,2.49431,-2.15794,-0.599365,-1.21151,-2.35887,0.247384,0.353692,0.0298834
0.25,-0.11,0.8,0.174533,2.49431,-2.15794,-0.599365,-1.21151,-2.35887,0.421917,0.405739,0.0298834
0.25,-0.11,0.8,0.349066,2.49431,-2.15794,-0.599365,-1.21151,-2.35887,0.59645,0.454698,0.0298834
0.25,-0.11,0.8,0.523599,2.49431,-2.15794,-0.599365,-1.21151,-2.35887,0.770983,2.59838e-06,0.0298834
0.25,-0.11,0.8,0.698132,2.49431,-2.15794,-0.599365,-1.21151,-2.35887,0.945516,0.0616504,0.0298834
0.25,-0.11,0.8,0.872665,2.49431,-2.15794,-0.599365,-1.21151,-2.35887,1.12005,0.122834,0.0298834
0.25,-0.11,0.8,1.0472,2.49431,-2.15794,-0.599365,-1.21151,-2.35887,1.29458,0.183083,0.0298834
0.25,-0.11,0.8,1.22173,2.49431,-2.15794,-0.599365,-1.21151,-2.35887,1.46911,0.241939,0.0298834
0.25,-0.11,0.8,1.39626,2.49431,-2.15794,-0.599365,-1.21151,-2.35887,1.64365,0.298953,0.0298834
0.25,-0.08,0.8,0,2.51795,-2.18347,-0.464184,-1.12902,-2.39531,0.085333,0.353692,0.0270972
0.25,-0.08,0.8,0.174533,2.51795,-2.18347,-0.464184,-1.12902,-2.39531,0.259866,0.405739,0.0270972
0.25,-0.08,0.8,0.349066,2.51795,-2.18347,-0.464184,-1.12902,-2.39531,0.434399,0.454698,0.0270972
0.25,-0.08,0.8,0.523599,2.51795,-2.18347,-0.464184,-1.12902,-2.39531,0.608932,2.59838e-06,0.0270972
0.25,-0.08,0.8,0.698132,2.51795,-2.18347,-0.464184,-1.12902,-2.39531,0.783465,0.0616504,0.0270972
0.25,-0.08,0.8,0.872665,2.51795,-2.18347,-0.464184,-1.12902,-2.39531,0.957997,0.122834,0.0270972
0.25,-0.08,0.8,1.0472,2.51795,-2.18347,-0.464184,-1.12902,-2.39531,1.13253,0.183083,0.0270972
0.25,-0.08,0.8,1.22173,2.51795,-2.18347,-0.464184,-1.12902,-2.39531,1.30706,0.241939,0.0270972
0.25,-0.08,0.8,1.39626,2.51795,-2.18347,-0.464184,-1.12902,-2.39531,1.4816,0.298953,0.0270972
0.25,-0.05,0.8,0,2.51683,-2.18232,-0.3047,-1.00774,-2.47332,-0.0988966,0.353692,0.0216301
0.25,-0.05,0.8,0.174533,2.51683,-2.18232,-0.304698,-1.00774,-2.47332,0.0756355,0.405739,0.0216301
0.25,-0.05,0.8,0.349066,2.51683,-2.18232,-0.304698,-1.00774,-2.47332,0.250168,0.454698,0.0216301
0.25,-0.05,0.8,0.523599,2.51683,-2.18232,-0.304698,-1.00774,-2.47332,0.424701,2.59838e-06,0.0216301
0.25,-0.05,0.8,0.698132,2.51683,-2.18232,-0.304698,-1.00774,-2.47332,0.599234,0.0616504,0.0216301
0.25,-0.05,0.8,0.872665,2.51683,-2.18232,-0.304698,-1.00774,-2.47332,0.773767,0.122834,0.0216301
0.25,-0.05,0.8,1.0472,2.51683,-2.18232,-0.304698,-1.00774,-2.47332,0.9483,0.183083,0.0216301
0.25,-0.05,0.8,1.22173,2.51683,-2.18232,-0.304698,-1.00774,-2.47332,1.12283,0.241939,0.0216301
0.25,-0.05,0.8,1.39626,2.51683,-2.18232,-0.304698,-1.00774,-2.47332,1.29737,0.298953,0.0216301
0.25,-0.02,0.8,0,2.47336,-2.1329,-0.0479488,-0.836219,-2.67783,-0.333277,0.353692,0.0114288
0.25,-0.02,0.8,0.174533,2.47336,-2.1329,-0.0479488,-0.836219,-2.67783,-0.158744,0.405739,0.0114288
0.25,-0.02,0.8,0.349066,2.47336,-2.1329,-0.0479488,-0.836219,-2.67783,0.0157886,0.454698,0.0114288
0.25,-0.02,0.8,0.523599,2.47336,-2.1329,-0.0479488,-0.836219,-2.67783,0.190322,2.59838e-06,0.0114288
0.25,-0.02,0.8,0.698132,2.47336,-2.1329,-0.0479488,-0.836219,-2.67783,0.364854,0.0616504,0.0114288
0.25,-0.02,0.8,0.872665,2.47336,-2.1329,-0.0479488,-0.836219,-2.67783,0.539387,0.122834,0.0114288
0.25,-0.02,0.8,1.0472,2.47336,-2.1329,-0.0479488,-0.836219,-2.67783,0.71392,0.183083,0.0114288
0.25,-0.02,0.8,1.22173,2.47336,-2.1329,-0.0479488,-0.836219,-2.67783,0.888453,0.241939,0.0114288
0.25,-0.02,0.8,1.39626,2.47336,-2.1329,-0.0479488,-0.836219,-2.67783,1.06299,0.298953,0.0114288
0.28,-0.26,0.8,0,2.29967,-1.49648,-0.613588,-0.80448,-2.74159,0.483849,0.353692,0.00880913
0.28,-0.26,0.8,0.174533,2.29967,-1.49648,-0.613588,-0.80448,-2.74159,0.658382,0.405739,0.00880913
0.28,-0.26,0.8,0.349066,2.29967,-1.49648,-0.613588,-0.80448,-2.74159,0.832915,0.454698,0.00880913
0.28,-0.26,0.8,0.523599,2.29967,-1.49648,-0.613588,-0.80448,-2.74159,1.00745,2.59838e-06,0.00880913
0.28,-0.26,0.8,0.698132,2.29967,-1.49648,-0.613588,-0.80448,-2.74159,1.18198,0.0616504,0.00880913
0.28,-0.26,0.8,0.872665,2.29967,-1.49648,-0.613588,-0.80448,-2.74159,1.35651,0.122834,0.00880913
0.28,-0.26,0.8,1.0472,2.29967,-1.49648,-0.613588,-0.80448,-2.74159,1.53105,0.183083,0.00880913
0.28,-0.26,0.8,1.22173,2.29967,-1.49648,-0.613588,-0.80448,-2.74159,1.70558,0.241939,0.00880913
0.28,-0.26,0.8,1.39626,2.29967,-1.49648,-0.613588,-0.80448,-2.74159,1.88011,0.298953,0.00880913
0.28,-0.23,0.8,0,2.3007,-1.65924,-0.720324,-0.904543,-2.57571,0.480181,0.353692,0.0148144
0.28,-0.23,0.8,0.174533,2.3007,-1.65924,-0.720324,-0.904543,-2.57571,0.654714,0.405739,0.0148144
0.28,-0.23,0.8,0.349066,2.3007,-1.65924,-0.720324,-0.904543,-2.57571,0.829247,0.454698,0.0148144
0.28,-0.23,0.8,0.523599,2.3007,-1.65924,-0.720324,-0.904543,-2.57571,1.00378,2.59838e-06,0.0148144
0.28,-0.23,0.8,0.698132,2.3007,-1.65924,-0.720324,-0.904543,-2.57571,1.17831,0.0616504,0.0148144
0.28,-0.23,0.8,0.872665,2.3007,-1.65924,-0.720324,-0.904543,-2.57571,1.35285,0.122834,0.0148144
0.28,-0.23,0.8,1.0472,2.3007,-1.65924,-0.720324,-0.904543,-2.57571,1.52738,0.183083,0.0148144
0.28,-0.23,0.8,1.22173,2.3007,-1.65924,-0.720324,-0.904543,-2.57571,1.70191,0.241939,0.0148144
0.28,-0.23,0.8,1.39626,2.3007,-1.65924,-0.720324,-0.904543,-2.57571,1.87644,0.298953,0.0148144
0.28,-0.2,0.8,0,2.31668,-1.77754,-0.714911,-0.960781,-2.5143,0.420554,0.353692,0.0178537
0.28,-0.2,0.8,0.174533,2.31668,-1.77754,-0.714908,-0.96078,-2.5143,0.595085,0.405739,0.0178537
0.28,-0.2,0.8,0.349066,2.31668,-1.77754,-0.714908,-0.96078,-2.5143,0.769618,0.454698,0.0178537
0.28,-0.2,0.8,0.523599,2.31668,-1.77754,-0.714908,-0.96078,-2.5143,0.944151,2.59838e-06,0.0178537
0.28,-0.2,0.8,0.698132,2.31668,-1.77754,-0.714908,-0.96078,-2.5143,1.11868,0.0616504,0.0178537
0.28,-0.2,0.8,0.872665,2.31668,-1.77754,-0.714908,-0.96078,-2.5143,1.29322,0.122834,0.0178537
0.28,-0.2,0.8,1.0472,2.31668,-1.77754,-0.714908,-0.96078,-2.5143,1.46775,0.183083,0.0178537
0.28,-0.2,0.8,1.22173,2.31668,-1.77754,-0.714908,-0.96078,-2.5143,1.64228,0.241939,0.0178537
0.28,-0.2,0.8,1.39626,2.31668,-1.77754,-0.714908,-0.96078,-2.5143,1.81682,0.298953,0.0178537
0.28,-0.17,0.8,0,2.33851,-1.86749,-0.657079,-0.97883,-2.49753,0.327402,0.353692,0.018867
0.28,-0.17,0.8,0.174533,2.33851,-1.86749,-0.657079,-0.97883,-2.49753,0.501935,0.405739,0.018867
0.28,-0.17,0.8,0.349066,2.33851,-1.86749,-0.657079,-0.97883,-2.49753,0.676468,0.454698,0.018867
0.28,-0.17,0.8,0.523599,2.33851,-1.86749,-0.657079,-0.97883,-2.49753,0.851001,2.59838e-06,0.018867
0.28,-0.17,0.8,0.698132,2.33851,-1.86749,-0.657079,-0.97883,-2.49753,1.02553,0.0616504,0.018867
0.28,-0.17,0.8,0.872665,2.33851,-1.86749,-0.657079,-0.97883,-2.49753,1.20007,0.122834,0.018867
0.28,-0.17,0.8,1.0472,2.33851,-1.86749,-0.657079,-0.97883,-2.49753,1.3746,0.183083,0.018867
0.28,-0.17,0.8,1.22173,2.33851,-1.86749,-0.657079,-0.97883,-2.49753,1.54913,0.241939,0.018867
0.28,-0.17,0.8,1.39626,2.33851,-1.86749,-0.657079,-0.97883,-2.49753,1.72367,0.298953,0.018867
0.28,-0.14,0.8,0,2.35987,-1.93113,-0.560228,-0.960165,-2.5149,0.206685,0.353692,0.0180579
0.28,-0.14,0.8,0.174533,2.35987,-1.93113,-0.560227,-0.960165,-2.5149,0.381218,0.405739,0.0180579
0.28,-0.14,0.8,0.349066,2.35987,-1.93113,-0.560227,-0.960165,-2.5149,0.555751,0.454698,0.0180579
0.28,-0.14,0.8,0.523599,2.35987,-1.93113,-0.560227,-0.960165,-2.5149,0.730284,2.59838e-06,0.0180579
0.28,-0.14,0.8,0.698132,2.35987,-1.93113,-0.560227,-0.960165,-2.5149,0.904817,0.0616504,0.0180579
0.28,-0.14,0.8,0.872665,2.35987,-1.93113,-0.560227,-0.960165,-2.5149,1.07935,0.122834,0.0180579
0.28,-0.14,0.8,1.0472,2.35987,-1.93113,-0.560227,-0.960165,-2.5149,1.25388,0.183083,0.0180579
0.28,-0.14,0.8,1.22173,2.35987,-1.93113,-0.560227,-0.960165,-2.5149,1.42842,0.241939,0.0180579
0.28,-0.14,0.8,1.39626,2.35987,-1.93113,-0.560227,-0.960165,-2.5149,1.60295,0.298953,0.0180579
0.28,-0.11,0.8,0,2.37353,-1.96494,-0.418622,-0.903259,-2.57731,0.0570608,0.353692,0.0151443
0.28,-0.11,0.8,0.174533,2.37353,-1.96494,-0.41862,-0.903259,-2.57731,0.231593,0.405739,0.0151442
0.28,-0.11,0.8,0.349066,2.37353,-1.96494,-0.41862,-0.903259,-2.57731,0.406126,0.454698,0.0151442
0.28,-0.11,0.8,0.523599,2.37353,-1.96494,-0.41862,-0.903259,-2.57731,0.580658,2.59838e-06,0.0151442
0.28,-0.11,0.8,0.698132,2.37353,-1.96494,-0.41862,-0.903259,-2.57731,0.755191,0.0616504,0.0151442
0.28,-0.11,0.8,0.872665,2.37353,-1.96494,-0.41862,-0.903259,-2.57731,0.929724,0.122834,0.0151442
0.28,-0.11,0.8,1.0472,2.37353,-1.96494,-0.41862,-0.903259,-2.57731,1.10426,0.183083,0.0151442
0.28,-0.11,0.8,1.22173,2.37353,-1.96494,-0.41862,-0.903259,-2.57731,1.27879,0.241939,0.0151442
0.28,-0.11,0.8,1.39626,2.37353,-1.96494,-0.41862,-0.903259,-2.57731,1.45332,0.298953,0.0151442
0.28,-0.08,0.8,0,2.36778,-1.95123,-0.177895,-0.802376,-2.74643,-0.140397,0.353692,0.00897977
0.28,-0.08,0.8,0.174533,2.36778,-1.95123,-0.177895,-0.802376,-2.74643,0.0341362,0.405739,0.00897977
0.28,-0.08,0.8,0.349066,2.36778,-1.95123,-0.177895,-0.802376,-2.74643,0.208669,0.454698,0.00897977
0.28,-0.08,0.8,0.523599,2.36778,-1.95123,-0.177895,-0.802376,-2.74643,0.383202,2.59838e-06,0.00897977
0.28,-0.08,0.8,0.698132,2.36778,-1.95123,-0.177895,-0.802376,-2.74643,0.557735,0.0616504,0.00897977
0.28,-0.08,0.8,0.872665,2.36778,-1.95123,-0.177895,-0.802376,-2.74643,0.732268,0.122834,0.00897977
0.28,-0.08,0.8,1.0472,2.36778,-1.95123,-0.177895,-0.802376,-2.74643,0.906801,0.183083,0.00897977
0.28,-0.08,0.8,1.22173,2.36778,-1.95123,-0.177895,-0.802376,-2.74643,1.08133,0.241939,0.00897977
0.28,-0.08,0.8,1.39626,2.36778,-1.95123,-0.177895,-0.802376,-2.74643,1.25587,0.298953,0.00897977
